"PacketFamily","RelativePath","FileName","SizeBytes","LastWriteTime","SHA256","Classification","HashStatus","Notes"
"DUAL_COMMAND_CENTER_L0_REVIEW_PACKET_20260606","DUAL_COMMAND_CENTER_L0_REVIEW_PACKET_20260606\COMMAND_CENTER_LEAKAGE_GUARD_L0.md","COMMAND_CENTER_LEAKAGE_GUARD_L0.md","3281","2026-06-06T04:52:30.1564970Z","FB1D8D1E08C98707BA7D339392334260E062BCE11E6996A186261FEFBC4CC7DE","REVIEW_PACKET","HASHED_LOCAL","Computed from local file on disk."
"DUAL_COMMAND_CENTER_L0_REVIEW_PACKET_20260606","DUAL_COMMAND_CENTER_L0_REVIEW_PACKET_20260606\DUAL_COMMAND_CENTER_L0_FILE_SET.md","DUAL_COMMAND_CENTER_L0_FILE_SET.md","8064","2026-06-06T04:52:30.1554990Z","3A22068A7DD9B1D9EFFE7D4F7BCE66A829BF55A8E8BBD49B545E7BE42C9C5B9D","CLEAN_OUTPUT","HASHED_LOCAL","Computed from local file on disk."
"DUAL_COMMAND_CENTER_L0_REVIEW_PACKET_20260606","DUAL_COMMAND_CENTER_L0_REVIEW_PACKET_20260606\DUAL_COMMAND_CENTER_L0_STANDARD.md","DUAL_COMMAND_CENTER_L0_STANDARD.md","7308","2026-06-06T04:52:30.1545015Z","F199788FC7D7BF0C8FB443FF8984855BF80F9A585960374494D94B23EAC26D1A","REVIEW_PACKET","HASHED_LOCAL","Computed from local file on disk."
"DUAL_COMMAND_CENTER_L0_REVIEW_PACKET_20260606","DUAL_COMMAND_CENTER_L0_REVIEW_PACKET_20260606\DUAL_COMMAND_CENTER_L0_STATE_LEDGER_SCHEMAS.md","DUAL_COMMAND_CENTER_L0_STATE_LEDGER_SCHEMAS.md","10257","2026-06-06T04:52:30.1564970Z","73AF5698D9579738357F93E281935C06873982A548FB1251CCC7D7660E87DA2B","REVIEW_PACKET","HASHED_LOCAL","Computed from local file on disk."
"DUAL_COMMAND_CENTER_L0_REVIEW_PACKET_20260606","DUAL_COMMAND_CENTER_L0_REVIEW_PACKET_20260606\DUAL_COMMAND_CENTER_SYNC_CONTRACT_L0.md","DUAL_COMMAND_CENTER_SYNC_CONTRACT_L0.md","7217","2026-06-06T04:52:30.1584919Z","2B7ED4E185DF547AF3C29C1B78BBB544A8001114C673AD0AB063EAC3C196374B","REVIEW_PACKET","HASHED_LOCAL","Computed from local file on disk."
"DUAL_COMMAND_CENTER_L0_REVIEW_PACKET_20260606","DUAL_COMMAND_CENTER_L0_REVIEW_PACKET_20260606\MULE_HASH_LEDGER_SHA256.md","MULE_HASH_LEDGER_SHA256.md","2905","2026-06-06T07:25:12.1435409Z","B167522A584D35AFA78B294CBE54DBA36469F72BBF5499E5F819E8BEF63249C8","HASH_LEDGER","HASHED_LOCAL","Computed from local file on disk."
"DUAL_COMMAND_CENTER_L0_REVIEW_PACKET_20260606","DUAL_COMMAND_CENTER_L0_REVIEW_PACKET_20260606\MULE_PACKAGE_MANIFEST__OUTSIDE_ASSISTANT_INDEX_TO_L0.md","MULE_PACKAGE_MANIFEST__OUTSIDE_ASSISTANT_INDEX_TO_L0.md","2655","2026-06-06T07:24:41.8972309Z","F440005501D4C6EF48277B86AD5DB95712213232F9E80C3D022EA3FDB8CF5C27","MANIFEST","HASHED_LOCAL","Computed from local file on disk."
"DUAL_COMMAND_CENTER_L0_REVIEW_PACKET_20260606","DUAL_COMMAND_CENTER_L0_REVIEW_PACKET_20260606\MULE_RETURN_RECEIPT__OUTSIDE_ASSISTANT_INDEX_TO_L0.md","MULE_RETURN_RECEIPT__OUTSIDE_ASSISTANT_INDEX_TO_L0.md","4564","2026-06-06T07:24:41.8972309Z","445D312E52618273830203C1D4E8E1B262FCB086DEECA14DED12C9EB521AE6B1","RECEIPT","HASHED_LOCAL","Computed from local file on disk."
"DUAL_COMMAND_CENTER_L0_REVIEW_PACKET_20260606","DUAL_COMMAND_CENTER_L0_REVIEW_PACKET_20260606\OUTSIDE_ASSISTANT_COOPERATION_INDEX_V0_2_L0_CLEAN.md","OUTSIDE_ASSISTANT_COOPERATION_INDEX_V0_2_L0_CLEAN.md","13671","2026-06-06T04:54:04.6557115Z","28E94DA15E14CCCB17B846571C25F2E18D4D27556975B0AAF81BFF847EBA0AA3","REVIEW_PACKET","HASHED_LOCAL","Computed from local file on disk."
"DUAL_COMMAND_CENTER_L0_REVIEW_PACKET_20260606","DUAL_COMMAND_CENTER_L0_REVIEW_PACKET_20260606\SOURCE_RAW\OUTSIDE_ASSISTANT_COOPERATION_INDEX_V0_2_SOURCE_TO_LIVE_L0_CUSTODY_CHAIN_RAW_20260605.md","OUTSIDE_ASSISTANT_COOPERATION_INDEX_V0_2_SOURCE_TO_LIVE_L0_CUSTODY_CHAIN_RAW_20260605.md","2928504","2026-06-06T04:05:57.2275311Z","F48BC6C737FDED649908DC6036DF82B89F5832D51B624473CA3308F99010D144","SOURCE_RAW","HASHED_LOCAL","Computed from local file on disk."
"HELPER_FILE_SURFACE_PREFLIGHT_20260606","HELPER_FILE_SURFACE_PREFLIGHT_20260606\HELPER_FILE_PREFLIGHT__HELPER_FILE_SURFACE_PREFLIGHT_20260606.md","HELPER_FILE_PREFLIGHT__HELPER_FILE_SURFACE_PREFLIGHT_20260606.md","14769","2026-06-06T05:18:54.8247649Z","C3B1C54D4B8AB8AFAC14F8CF8349B2407AA1A99B00E8362A925A0D888AD3BC02","REVIEW_PACKET","HASHED_LOCAL","Computed from local file on disk."
"HELPER_FILE_SURFACE_PREFLIGHT_20260606","HELPER_FILE_SURFACE_PREFLIGHT_20260606\MULE_RECEIPT__HELPER_FILE_SURFACE_PREFLIGHT_20260606.md","MULE_RECEIPT__HELPER_FILE_SURFACE_PREFLIGHT_20260606.md","5785","2026-06-06T05:18:54.8255150Z","5D99B080C1AD35C4E092F3DCFE02819865358775E1B5F15A72543CC0A01D7E02","RECEIPT","HASHED_LOCAL","Computed from local file on disk."
"HELPER_FILE_SURFACE_PREFLIGHT_20260606","HELPER_FILE_SURFACE_PREFLIGHT_20260606\MULE_WORKING_ORDER__HELPER_FILE_SURFACE_PREFLIGHT_AND_BOUNDED_OUTSIDE_SOURCE_RULE_20260606.md","MULE_WORKING_ORDER__HELPER_FILE_SURFACE_PREFLIGHT_AND_BOUNDED_OUTSIDE_SOURCE_RULE_20260606.md","8863","2026-06-06T05:14:55.9299926Z","8C51B0AA270A4D03571B1FC65C8C8A9E055F34E32FDD1635488D834F75267E84","REVIEW_PACKET","HASHED_LOCAL","Computed from local file on disk."
"HELPER_FILE_EXPOSURE_AND_33RD_PRIVATE_WORK_PROTOCOL_V0_1_20260606","HELPER_FILE_EXPOSURE_AND_33RD_PRIVATE_WORK_PROTOCOL_V0_1_20260606\ADOPTION_APPROVAL_PACKET_DRAFT__HELPER_FILE_EXPOSURE_AND_33RD_PRIVATE_WORK_PROTOCOL_V0_1_20260606.md","ADOPTION_APPROVAL_PACKET_DRAFT__HELPER_FILE_EXPOSURE_AND_33RD_PRIVATE_WORK_PROTOCOL_V0_1_20260606.md","2755","2026-06-06T07:26:09.6743154Z","9B0249D82AADC18F10A44FD97064330F5D37843BF39DF8C4211B0A477317805A","CLEAN_OUTPUT","HASHED_LOCAL","Computed from local file on disk."
"HELPER_FILE_EXPOSURE_AND_33RD_PRIVATE_WORK_PROTOCOL_V0_1_20260606","HELPER_FILE_EXPOSURE_AND_33RD_PRIVATE_WORK_PROTOCOL_V0_1_20260606\HELPER_FILE_EXPOSURE_AND_33RD_PRIVATE_WORK_PROTOCOL_WORKING_ORDER_V0_1_20260606.md","HELPER_FILE_EXPOSURE_AND_33RD_PRIVATE_WORK_PROTOCOL_WORKING_ORDER_V0_1_20260606.md","12026","2026-06-06T06:01:40.5455035Z","98863A070F5485261CF85A74E5A236DE19E28753C62DA64D64960CC6D6C268F5","CLEAN_OUTPUT","HASHED_LOCAL","Computed from local file on disk."
"HELPER_FILE_EXPOSURE_AND_33RD_PRIVATE_WORK_PROTOCOL_V0_1_20260606","HELPER_FILE_EXPOSURE_AND_33RD_PRIVATE_WORK_PROTOCOL_V0_1_20260606\MULE_RECEIPT__HELPER_FILE_EXPOSURE_AND_33RD_PRIVATE_WORK_PROTOCOL_WORKING_ORDER_V0_1_20260606.md","MULE_RECEIPT__HELPER_FILE_EXPOSURE_AND_33RD_PRIVATE_WORK_PROTOCOL_WORKING_ORDER_V0_1_20260606.md","4956","2026-06-06T07:24:41.8972309Z","E56D1613CF48BAD98D78CDAD0E397DB7ED90CE43EA3CAA98729337853F120AA3","RECEIPT","HASHED_LOCAL","Computed from local file on disk."
"HELPER_FILE_EXPOSURE_AND_33RD_PRIVATE_WORK_PROTOCOL_V0_1_20260606","HELPER_FILE_EXPOSURE_AND_33RD_PRIVATE_WORK_PROTOCOL_V0_1_20260606\MULE_RECEIPT__WORKING_ORDER_REVIEW_AND_ROOT_PLACEMENT_20260606.md","MULE_RECEIPT__WORKING_ORDER_REVIEW_AND_ROOT_PLACEMENT_20260606.md","2420","2026-06-06T07:26:09.6743154Z","F31C11D92DA4FDF9B5CD89D1B33841B4366BD490367A6EC6FFC9320CCB1386C1","RECEIPT","HASHED_LOCAL","Computed from local file on disk."
"HELPER_FILE_EXPOSURE_AND_33RD_PRIVATE_WORK_PROTOCOL_V0_1_20260606","HELPER_FILE_EXPOSURE_AND_33RD_PRIVATE_WORK_PROTOCOL_V0_1_20260606\PARKED_MATERIAL__HELPER_FILE_EXPOSURE_AND_33RD_PRIVATE_WORK_PROTOCOL_V0_1_20260606.md","PARKED_MATERIAL__HELPER_FILE_EXPOSURE_AND_33RD_PRIVATE_WORK_PROTOCOL_V0_1_20260606.md","4433","2026-06-06T07:24:41.8972309Z","30697A90D58C2857BBCBFAFCE885A1AF0D705B75A08B9B0C35DC8340ED8EB13A","PARKED_MATERIAL","HASHED_LOCAL","Computed from local file on disk."
"HELPER_FILE_EXPOSURE_AND_33RD_PRIVATE_WORK_PROTOCOL_V0_1_20260606","HELPER_FILE_EXPOSURE_AND_33RD_PRIVATE_WORK_PROTOCOL_V0_1_20260606\SOURCE_CLEANUP_MAP__HELPER_FILE_EXPOSURE_AND_33RD_PRIVATE_WORK_PROTOCOL_V0_1_20260606.md","SOURCE_CLEANUP_MAP__HELPER_FILE_EXPOSURE_AND_33RD_PRIVATE_WORK_PROTOCOL_V0_1_20260606.md","4752","2026-06-06T07:24:41.8972309Z","5D6710D6D1A696D90795A81A9BF32C117661F1862355A78CE949A72E45F4F02B","CLEAN_OUTPUT","HASHED_LOCAL","Computed from local file on disk."
"HELPER_FILE_EXPOSURE_AND_33RD_PRIVATE_WORK_PROTOCOL_V0_1_20260606","HELPER_FILE_EXPOSURE_AND_33RD_PRIVATE_WORK_PROTOCOL_V0_1_20260606\SOURCE_RAW\33rd_tripple_pass_tripple_times_rule.txt","33rd_tripple_pass_tripple_times_rule.txt","20510","2026-06-06T05:04:00.8164194Z","11A39FC9CA42E821A5BC7212C0FD5798E369667D7E5BB3407B68013FB4EF3D8C","SOURCE_RAW","HASHED_LOCAL","Computed from local file on disk."
"HELPER_FILE_EXPOSURE_AND_33RD_PRIVATE_WORK_PROTOCOL_V0_1_20260606","HELPER_FILE_EXPOSURE_AND_33RD_PRIVATE_WORK_PROTOCOL_V0_1_20260606\SOURCE_RAW\HELPER_FILE_EXPOSURE_AND_33RD_PRIVATE_WORK_PROTOCOL_V0_1_RAW_20260606.md","HELPER_FILE_EXPOSURE_AND_33RD_PRIVATE_WORK_PROTOCOL_V0_1_RAW_20260606.md","79517","2026-06-06T05:33:03.5331826Z","23B99964BE86700F2046EF1F553E5E81B6207E24AD73899EC461AB16B93AB725","SOURCE_RAW","HASHED_LOCAL","Computed from local file on disk."
"HELPER_FILE_EXPOSURE_AND_33RD_PRIVATE_WORK_PROTOCOL_V0_1_20260606","HELPER_FILE_EXPOSURE_AND_33RD_PRIVATE_WORK_PROTOCOL_V0_1_20260606\WORKING_ORDER_REVIEW__HELPER_FILE_EXPOSURE_AND_33RD_PRIVATE_WORK_PROTOCOL_V0_1_20260606.md","WORKING_ORDER_REVIEW__HELPER_FILE_EXPOSURE_AND_33RD_PRIVATE_WORK_PROTOCOL_V0_1_20260606.md","2799","2026-06-06T07:26:09.6743154Z","ED9349ABE293E8054A98C8FE1BC38EC9DFFAA2D086568F6DF9130CEDD5307FAA","REVIEW_PACKET","HASHED_LOCAL","Computed from local file on disk."
"CHUNKED_ACCEPTANCE_GROWTH_REVIEW_20260606","CHUNKED_ACCEPTANCE_GROWTH_REVIEW_20260606\ACCEPTANCE_STANDARD_DRAFT__DUAL_COMMAND_CENTER_L0_AND_PRIVATE_WORK_PROTOCOL_20260606.md","ACCEPTANCE_STANDARD_DRAFT__DUAL_COMMAND_CENTER_L0_AND_PRIVATE_WORK_PROTOCOL_20260606.md","8044","2026-06-06T07:40:32.0007314Z","D536DB3CFB5C30BC8F0E28B7D6DDA7E515131A44D37CEDD8E331C29F2C652149","REVIEW_PACKET","HASHED_LOCAL","Computed from local file on disk."
"CHUNKED_ACCEPTANCE_GROWTH_REVIEW_20260606","CHUNKED_ACCEPTANCE_GROWTH_REVIEW_20260606\BATCH_01_PACKET_FIT_MAP__DUAL_COMMAND_CENTER_AND_PROTOCOL_20260606.md","BATCH_01_PACKET_FIT_MAP__DUAL_COMMAND_CENTER_AND_PROTOCOL_20260606.md","9958","2026-06-06T07:40:31.9987061Z","2114B13636FFD2BD28C219F8322484BF03C3AA104901D8731E3F84308F339A31","REVIEW_PACKET","HASHED_LOCAL","Computed from local file on disk."
"CHUNKED_ACCEPTANCE_GROWTH_REVIEW_20260606","CHUNKED_ACCEPTANCE_GROWTH_REVIEW_20260606\BATCH_02_HARD_CRITIQUE_AND_MISSING_LOGIC__DUAL_COMMAND_CENTER_AND_PROTOCOL_20260606.md","BATCH_02_HARD_CRITIQUE_AND_MISSING_LOGIC__DUAL_COMMAND_CENTER_AND_PROTOCOL_20260606.md","8777","2026-06-06T07:40:32.0007314Z","E44DB46DE4C9F654C2027E8A1BC5EA19BBB19C495BE13C3D4005596F24922E8A","REVIEW_PACKET","HASHED_LOCAL","Computed from local file on disk."
"CHUNKED_ACCEPTANCE_GROWTH_REVIEW_20260606","CHUNKED_ACCEPTANCE_GROWTH_REVIEW_20260606\BLOCKER_BURNDOWN_AND_ADDITIONS__DUAL_COMMAND_CENTER_L0_AND_PROTOCOL_20260606.md","BLOCKER_BURNDOWN_AND_ADDITIONS__DUAL_COMMAND_CENTER_L0_AND_PROTOCOL_20260606.md","7477","2026-06-06T07:40:32.0017276Z","895ADCA8EED97E91D6768CF89C28E9EE041FFE839DE74C538DD297FA133F9301","REVIEW_PACKET","HASHED_LOCAL","Computed from local file on disk."
"CHUNKED_ACCEPTANCE_GROWTH_REVIEW_20260606","CHUNKED_ACCEPTANCE_GROWTH_REVIEW_20260606\FINAL_REVIEW_PACKET__DUAL_COMMAND_CENTER_L0_AND_PRIVATE_WORK_PROTOCOL_20260606.md","FINAL_REVIEW_PACKET__DUAL_COMMAND_CENTER_L0_AND_PRIVATE_WORK_PROTOCOL_20260606.md","5168","2026-06-06T07:40:32.0017276Z","ED467406E0D29FBAC173622F85580FA849885CC04EA9E4BE908D231603DE8500","REVIEW_PACKET","HASHED_LOCAL","Computed from local file on disk."
"CHUNKED_ACCEPTANCE_GROWTH_REVIEW_20260606","CHUNKED_ACCEPTANCE_GROWTH_REVIEW_20260606\MULE_RECEIPT__CHUNKED_ACCEPTANCE_GROWTH_REVIEW_DUAL_COMMAND_CENTER_AND_PROTOCOL_20260606.md","MULE_RECEIPT__CHUNKED_ACCEPTANCE_GROWTH_REVIEW_DUAL_COMMAND_CENTER_AND_PROTOCOL_20260606.md","6530","2026-06-06T07:41:23.9355190Z","3A7EA21EC6CD7B3EA5A8D50E2D0145F4336967ACB324E343E45AB97EC9FA2A18","RECEIPT","HASHED_LOCAL","Computed from local file on disk."
"DEEP_SCAN_WASH_DRY_RUN_20260606","DEEP_SCAN_WASH_DRY_RUN_20260606\DEEP_SCAN_WASH_DRY_RUN_REPORT_20260606.md","DEEP_SCAN_WASH_DRY_RUN_REPORT_20260606.md","5481","2026-06-06T07:58:00.6380426Z","3118580A4CC78CFAA3AFAEF1FE831E391DE8A834DE56F6DFD0A74F8F7C5E85CA","CLEAN_OUTPUT","HASHED_LOCAL","Computed from local file on disk."
"DEEP_SCAN_WASH_DRY_RUN_20260606","DEEP_SCAN_WASH_DRY_RUN_20260606\MULE_RECEIPT__DEEP_SCAN_WASH_DRY_RUN_20260606.md","MULE_RECEIPT__DEEP_SCAN_WASH_DRY_RUN_20260606.md","2097","2026-06-06T07:58:00.6380426Z","3227A4CF1F2CB0068938D1095332DC6C2C43610092ABD7F6B1420D501CC5F76D","RECEIPT","HASHED_LOCAL","Computed from local file on disk."
"DEEP_SCAN_WASH_DRY_RUN_20260606","DEEP_SCAN_WASH_DRY_RUN_20260606\WASH_CLASS_COUNTS.csv","WASH_CLASS_COUNTS.csv","353","2026-06-06T07:51:01.6155911Z","9F88E032C9F3833419CBDBB94CA5CF0A7E3A35B2E730CA6C985ACA26210BD0AA","DRY_WASH_ARTIFACT","HASHED_LOCAL","Computed from local file on disk."
"DEEP_SCAN_WASH_DRY_RUN_20260606","DEEP_SCAN_WASH_DRY_RUN_20260606\WASH_EXTENSION_COUNTS.csv","WASH_EXTENSION_COUNTS.csv","1127","2026-06-06T07:51:01.3661629Z","ECF1BD1673B98FF89307E1BBCA9560B1045DD6EAA1005C3791A0480513FA3A0F","DRY_WASH_ARTIFACT","HASHED_LOCAL","Computed from local file on disk."
"DEEP_SCAN_WASH_DRY_RUN_20260606","DEEP_SCAN_WASH_DRY_RUN_20260606\WASH_FILE_INVENTORY.csv","WASH_FILE_INVENTORY.csv","9232979","2026-06-06T07:51:00.7491562Z","0BC402B61DDC05EA269BCA12FDFC644C9F668021511D83C582318E90485563E3","DRY_WASH_ARTIFACT","HASHED_LOCAL","Computed from local file on disk."
"DEEP_SCAN_WASH_DRY_RUN_20260606","DEEP_SCAN_WASH_DRY_RUN_20260606\WASH_FILENAME_SIGNAL_COUNTS.csv","WASH_FILENAME_SIGNAL_COUNTS.csv","386","2026-06-06T07:55:42.7735280Z","DF84E353F39B4ED0D455DA556EA4E9FC333868EF974EA4CA0B7AFC415F0ECAD4","DRY_WASH_ARTIFACT","HASHED_LOCAL","Computed from local file on disk."
"DEEP_SCAN_WASH_DRY_RUN_20260606","DEEP_SCAN_WASH_DRY_RUN_20260606\WASH_FILENAME_SIGNAL_HITS_SAMPLE.csv","WASH_FILENAME_SIGNAL_HITS_SAMPLE.csv","382530","2026-06-06T07:55:42.7745213Z","A33BE483D3E0F3AC7BB7423984A439DE5D0C21A9A53775739287235DDA56F6B6","DRY_WASH_ARTIFACT","HASHED_LOCAL","Computed from local file on disk."
"DEEP_SCAN_WASH_DRY_RUN_20260606","DEEP_SCAN_WASH_DRY_RUN_20260606\WASH_INVENTORY_SUMMARY.json","WASH_INVENTORY_SUMMARY.json","288","2026-06-06T07:51:02.1995721Z","31A824F022175307F3C3A9C158138D6BE87471FBC432F61C723FBB36A1EE4E9F","DRY_WASH_ARTIFACT","HASHED_LOCAL","Computed from local file on disk."
"DEEP_SCAN_WASH_DRY_RUN_20260606","DEEP_SCAN_WASH_DRY_RUN_20260606\WASH_LARGEST_100_FILES.csv","WASH_LARGEST_100_FILES.csv","42832","2026-06-06T07:51:01.8155640Z","8898D17FCACEA11361BBE93EBDE9BB34A072F7F0339737FBCAA387E8A72CC430","DRY_WASH_ARTIFACT","HASHED_LOCAL","Computed from local file on disk."
"DEEP_SCAN_WASH_DRY_RUN_20260606","DEEP_SCAN_WASH_DRY_RUN_20260606\WASH_ROOT_FILES.csv","WASH_ROOT_FILES.csv","205","2026-06-06T07:51:01.9489478Z","F5980D0D1F519111238D94DEF1A42C624DD52F404E8158E1B1267181CAD13023","DRY_WASH_ARTIFACT","HASHED_LOCAL","Computed from local file on disk."
"DEEP_SCAN_WASH_DRY_RUN_20260606","DEEP_SCAN_WASH_DRY_RUN_20260606\WASH_SAMPLE_REDACTION_NOTE.json","WASH_SAMPLE_REDACTION_NOTE.json","239","2026-06-06T07:56:19.2576023Z","FC86CF27336DFC1DF9AC1C1C6F884D8554ED32C0F9556FD49FEB7D4A0DCD718D","DRY_WASH_ARTIFACT","HASHED_LOCAL","Computed from local file on disk."
"DEEP_SCAN_WASH_DRY_RUN_20260606","DEEP_SCAN_WASH_DRY_RUN_20260606\WASH_SIGNAL_CATEGORY_COUNTS.csv","WASH_SIGNAL_CATEGORY_COUNTS.csv","460","2026-06-06T07:54:51.1644446Z","A2BC19A3DBA1A5AC2D5F35061BF747E81446F1A29F467F90064491E948527EDD","DRY_WASH_ARTIFACT","HASHED_LOCAL","Computed from local file on disk."
"DEEP_SCAN_WASH_DRY_RUN_20260606","DEEP_SCAN_WASH_DRY_RUN_20260606\WASH_SIGNAL_FILE_COUNTS_TOP100_BY_CATEGORY.csv","WASH_SIGNAL_FILE_COUNTS_TOP100_BY_CATEGORY.csv","199045","2026-06-06T07:54:51.1644446Z","37EA24D526E88BB0F86443EDC6F2801785B6D2856202A6457DC3BDC205F5F358","DRY_WASH_ARTIFACT","HASHED_LOCAL","Computed from local file on disk."
"DEEP_SCAN_WASH_DRY_RUN_20260606","DEEP_SCAN_WASH_DRY_RUN_20260606\WASH_SIGNAL_HITS_SAMPLE.csv","WASH_SIGNAL_HITS_SAMPLE.csv","609013","2026-06-06T07:56:19.2077049Z","3E28C8C4DC8E2ED55C5A9999BE1D7A4EAA7DF00568C68AA2202CC3517D7287C3","DRY_WASH_ARTIFACT","HASHED_LOCAL","Computed from local file on disk."
"DEEP_SCAN_WASH_DRY_RUN_20260606","DEEP_SCAN_WASH_DRY_RUN_20260606\WASH_SIGNAL_SUMMARY.json","WASH_SIGNAL_SUMMARY.json","5581","2026-06-06T07:55:57.6274748Z","3BD1803DD23CCA91119CF609D4F0B7D923090CCE7C7FEB3A1921704D60AEBA21","DRY_WASH_ARTIFACT","HASHED_LOCAL","Computed from local file on disk."
"DEEP_SCAN_WASH_DRY_RUN_20260606","DEEP_SCAN_WASH_DRY_RUN_20260606\WASH_TOP_LEVEL_COUNTS.csv","WASH_TOP_LEVEL_COUNTS.csv","456","2026-06-06T07:51:01.1015527Z","D1D97A7E905E7B2F897A83EEFC5BA8ADE2DD350E9578C44BA20685534126EC77","DRY_WASH_ARTIFACT","HASHED_LOCAL","Computed from local file on disk."
"LANE_SUPPORT","ROOT_INTAKE_RECEIPT__ROOT_SOURCE_DROPS_PLACED_20260606.md","ROOT_INTAKE_RECEIPT__ROOT_SOURCE_DROPS_PLACED_20260606.md","3049","2026-06-06T07:24:41.8972309Z","A8BC4B913BCA2B64FF041F7999CD23786A7A65A6FB9081D4487F98DF55976790","RECEIPT","HASHED_LOCAL","Computed from local lane support file."
"LANE_SUPPORT","HUMAN_ACCEPTANCE_DECISION__HELPER_EXPOSURE_33RD_PROTOCOL_FIRST_LIVE_USE_TEST_20260606.md","HUMAN_ACCEPTANCE_DECISION__HELPER_EXPOSURE_33RD_PROTOCOL_FIRST_LIVE_USE_TEST_20260606.md","8393","2026-06-06T17:57:08.5444599Z","65795E12860365F447AEC28C4CB8735F699B9DF9B177CA5C4F1D6A79297F0681","ACCEPTANCE_SUPPORT","HASHED_LOCAL","Computed from local lane support file."
"LANE_SUPPORT","HUMAN_ACCEPTANCE_RECEIPT__HELPER_EXPOSURE_33RD_PROTOCOL_FIRST_LIVE_USE_TEST_20260606.md","HUMAN_ACCEPTANCE_RECEIPT__HELPER_EXPOSURE_33RD_PROTOCOL_FIRST_LIVE_USE_TEST_20260606.md","4265","2026-06-06T17:57:08.6074027Z","0A6E4B385661171368073E805406D270BD9C4CF8A3BAF56876BA9BD37ABABF54","ACCEPTANCE_SUPPORT","HASHED_LOCAL","Computed from local lane support file."
"LANE_SUPPORT","PACKET_FAMILY_INDEX__COMMAND_CENTER_UI_LANE_20260606.md","PACKET_FAMILY_INDEX__COMMAND_CENTER_UI_LANE_20260606.md","10043","2026-06-06T17:57:08.6246096Z","DBE6E2ED56F23192FEFA5F2F3FF732FD37203D8AC18E84C72D3042D25F08142F","REVIEW_PACKET","HASHED_LOCAL","Computed from local lane support file."
"LANE_SUPPORT","PACKET_FAMILY_HASH_LEDGER__COMMAND_CENTER_UI_LANE_20260606.md","PACKET_FAMILY_HASH_LEDGER__COMMAND_CENTER_UI_LANE_20260606.md","0","SELF_REFERENCE","SELF_HASH_RECORDED_EXTERNALLY_AFTER_FINAL_WRITE","HASH_LEDGER","SKIPPED_SELF_REFERENCE_RULE","A file cannot embed its own final hash without changing that hash. Current final self-hash is recorded in BLOCKER_CLOSEOUT_RUN_20260606\\PACKET_FAMILY_HASH_LEDGER_SELF_SHA256__COMMAND_CENTER_UI_LANE_20260606.txt."
