"Path","Purpose","SHA256"
"HOUSE_WORK/IDEA_CONCEPT_COLLECTION_ROOM/HELPER_STRESS_BENCH_READ_ONLY_INVENTORY_20260603/HELPER_STRESS_BENCH_READ_ONLY_INVENTORY_REPORT_20260603.md","read-only helper inventory output","C3156CFE9839EA2CA0AA7FBE319B273211815D4DF13A4C422F6C14879812C370"
"HOUSE_WORK/IDEA_CONCEPT_COLLECTION_ROOM/HELPER_STRESS_BENCH_READ_ONLY_INVENTORY_20260603/HELPER_STRESS_BENCH_HELPER_CLASS_TABLE_20260603.csv","read-only helper inventory output","968FBFFC13F600A651A9E701E411E68682835F30E7994115A00C8197590FDB2E"
"HOUSE_WORK/IDEA_CONCEPT_COLLECTION_ROOM/HELPER_STRESS_BENCH_READ_ONLY_INVENTORY_20260603/HELPER_STRESS_BENCH_FAMILY_SUMMARY_20260603.csv","read-only helper inventory output","92BA1CDBBF95DAE7CCB1A417C85C9C8172548B77235D9D1E3EB10B6EB25C3955"
"HOUSE_WORK/IDEA_CONCEPT_COLLECTION_ROOM/HELPER_STRESS_BENCH_READ_ONLY_INVENTORY_20260603/HELPER_STRESS_BENCH_RISK_STALENESS_TABLE_20260603.csv","read-only helper inventory output","4DE105AB28158DCC46CA3D5AB84EA824D4BFD07BD967045C7B241113BE92837E"
"HOUSE_WORK/IDEA_CONCEPT_COLLECTION_ROOM/HELPER_STRESS_BENCH_READ_ONLY_INVENTORY_20260603/HELPER_STRESS_BENCH_DUPLICATE_NAME_HASH_TABLE_20260603.csv","read-only helper inventory output","EE6A89997E0AF7ED4CC41F2024672D3F1B2D0CF48947DD051B72287555FFC00A"
"HOUSE_WORK/IDEA_CONCEPT_COLLECTION_ROOM/HELPER_STRESS_BENCH_READ_ONLY_INVENTORY_20260603/HELPER_STRESS_BENCH_CANDIDATE_NEXT_PROOF_TABLE_20260603.md","read-only helper inventory output","7CA2A5007C31CCE51DFBC2AB093D8DD1049D57D80D5A5952AEB9B47C1FC37123"
"HOUSE_WORK/IDEA_CONCEPT_COLLECTION_ROOM/HELPER_STRESS_BENCH_READ_ONLY_INVENTORY_20260603/HELPER_STRESS_BENCH_READ_ONLY_INVENTORY_MANIFEST_20260603.md","read-only helper inventory output","4A84B790F2E3E0ADDE89FD55755758B37130710069EDB586FE12C128DD257A4C"
"PROOF_HISTORY/HELPER_STRESS_BENCH_READ_ONLY_INVENTORY_MANIFEST_20260603.csv","proof manifest","SELF_HASH_EXTERNAL_AFTER_WRITE"
"PROOF_HISTORY/HELPER_STRESS_BENCH_READ_ONLY_INVENTORY_RECEIPT_20260603.txt","receipt","SELF_HASH_EXTERNAL_AFTER_WRITE"
