"OriginalName","Class","FinalCustodyGroup","FinalPath","SHA256","HashMatch","AppliedNow"
"mulenotes.txt","raw source","source_notes","C:\Users\13527\Desktop\123\_SOURCE_RESEARCH_NOTES\ROOT_TEXT_DROPS_20260603\CONSUMED_BY_REPO_SAVE\mulenotes.txt","6396285B91ED5B6FEA1558806866104EB3DF80F3912B8DB966F55B66D1027891","True","already applied to candidate governance package"
"nextmove.txt","raw source","source_notes","C:\Users\13527\Desktop\123\_SOURCE_RESEARCH_NOTES\ROOT_TEXT_DROPS_20260603\CONSUMED_BY_REPO_SAVE\nextmove.txt","1463F0D6D17EF3531412CB29A95AB16CF6CE6C5988771E82B6D08E888523FB1D","True","already applied to whole-house intake/project-flow packages"
"RAW_HELPER_STRESS_BENCH_DEEP_ADDENDUMS_COMPATIBILITY_GATES_AND_SELFTESTS_20260603.txt","raw source","source_notes","C:\Users\13527\Desktop\123\_SOURCE_RESEARCH_NOTES\ROOT_TEXT_DROPS_20260603\CONSUMED_BY_REPO_SAVE\RAW_HELPER_STRESS_BENCH_DEEP_ADDENDUMS_COMPATIBILITY_GATES_AND_SELFTESTS_20260603.txt","6B80C7043C9640101BB89FAEEC3EFD56DA84EA7EDA86B925801D4775EB36B92E","True","applied to helper stress-bench addendum package"
"READ_ONLY_INSPECT_ACTIVE_TASK_V0_COLOR_V1_1.ps1","temporary helper","read_only_inspect","C:\Users\13527\Desktop\123\_TOOLS_AND_SCRIPTS\ROOT_LOOSE_HELPERS_20260603\READ_ONLY_INSPECT\READ_ONLY_INSPECT_ACTIVE_TASK_V0_COLOR_V1_1.ps1","C859EF0D3626C2562EF0EEF4F0D76348BDA01DC0F70D42E784CB40AE34FA5DAF","True","parked for read-only inventory"
"READ_ONLY_INSPECT_ACTIVE_TASK_V0_COLOR_V1.ps1","temporary helper","read_only_inspect","C:\Users\13527\Desktop\123\_TOOLS_AND_SCRIPTS\ROOT_LOOSE_HELPERS_20260603\READ_ONLY_INSPECT\READ_ONLY_INSPECT_ACTIVE_TASK_V0_COLOR_V1.ps1","2C4F089D2A102FA6346BFA752CD80C0D7BF6353944F9557BCDE6B3A5486A796D","True","parked for read-only inventory"
"READ_ONLY_INSPECT_ACTIVE_TASK_V0.ps1","temporary helper","read_only_inspect","C:\Users\13527\Desktop\123\_TOOLS_AND_SCRIPTS\ROOT_LOOSE_HELPERS_20260603\READ_ONLY_INSPECT\READ_ONLY_INSPECT_ACTIVE_TASK_V0.ps1","343B84EC0F81A813829D4FFC059C7563AC5B0128021BB26B6D2DCF0E753F7B84","True","parked for read-only inventory"
"READ_THIS_MULE.txt","user correction source","source_notes","C:\Users\13527\Desktop\123\_SOURCE_RESEARCH_NOTES\ROOT_TEXT_DROPS_20260603\CONSUMED_BY_REPO_SAVE\READ_THIS_MULE.txt","590491204313166D90D91089785721B9ACD1B81A87553A37E5225EDFF6C79820","True","applied to root front-porch cleanup support rule"
"RUN_ACTIVE_TASK_POINTER_ROUTE_DECISION_CARD.ps1","temporary helper","other_routing_and_decision","C:\Users\13527\Desktop\123\_TOOLS_AND_SCRIPTS\ROOT_LOOSE_HELPERS_20260603\OTHER_ROUTING_AND_DECISION\RUN_ACTIVE_TASK_POINTER_ROUTE_DECISION_CARD.ps1","7FB120917437C1AF54F2B6DE86626E74B4D737EE0B4E504BA8610FB9D3C80368","True","parked for read-only inventory"
"RUN_COMMAND_GRAMMAR_STACK_INSPECTION_BEFORE_V0_6.ps1","temporary helper","command_grammar","C:\Users\13527\Desktop\123\_TOOLS_AND_SCRIPTS\ROOT_LOOSE_HELPERS_20260603\COMMAND_GRAMMAR\RUN_COMMAND_GRAMMAR_STACK_INSPECTION_BEFORE_V0_6.ps1","BE98B1D39598CA69948AAF5E22CCE5C15BFD97A090D3DD40DC517775D963DE69","True","parked for read-only inventory"
"RUN_COMMAND_GRAMMAR_STACK_WARNING_REVIEW_BEFORE_V0_6.ps1","temporary helper","command_grammar","C:\Users\13527\Desktop\123\_TOOLS_AND_SCRIPTS\ROOT_LOOSE_HELPERS_20260603\COMMAND_GRAMMAR\RUN_COMMAND_GRAMMAR_STACK_WARNING_REVIEW_BEFORE_V0_6.ps1","F491A490FA368723F962161F5431F0A493266A49F535F0A5240ABDCDD2584534","True","parked for read-only inventory"
"RUN_COMMAND_GRAMMAR_V0_1_DESIGN_SAVE_GATE.ps1","temporary helper","command_grammar","C:\Users\13527\Desktop\123\_TOOLS_AND_SCRIPTS\ROOT_LOOSE_HELPERS_20260603\COMMAND_GRAMMAR\RUN_COMMAND_GRAMMAR_V0_1_DESIGN_SAVE_GATE.ps1","2B21B0AFBFA8FFA1CEDE5BDFA5575904CA24BE1EE8B13E83089A7E21DB4C5947","True","parked for read-only inventory"
"RUN_COMMAND_GRAMMAR_V0_1_LEXICON_ALIAS_INPUT_FLOW_DESIGN.ps1","temporary helper","command_grammar","C:\Users\13527\Desktop\123\_TOOLS_AND_SCRIPTS\ROOT_LOOSE_HELPERS_20260603\COMMAND_GRAMMAR\RUN_COMMAND_GRAMMAR_V0_1_LEXICON_ALIAS_INPUT_FLOW_DESIGN.ps1","67E5BC4EB789490561B644E3ED6BEA2DEF6BC684C85272865EA0FC5AB6617632","True","parked for read-only inventory"
"RUN_COMMAND_GRAMMAR_V0_2_ACTIVE_TASK_POINTER_DESIGN_SAVE_GATE.ps1","temporary helper","command_grammar","C:\Users\13527\Desktop\123\_TOOLS_AND_SCRIPTS\ROOT_LOOSE_HELPERS_20260603\COMMAND_GRAMMAR\RUN_COMMAND_GRAMMAR_V0_2_ACTIVE_TASK_POINTER_DESIGN_SAVE_GATE.ps1","245FEF607273D149338A1696CC3EC6C671B49C22F223488C4C42DBA8E2EDB971","True","parked for read-only inventory"
"RUN_COMMAND_GRAMMAR_V0_2_ACTIVE_TASK_POINTER_DESIGN.ps1","temporary helper","command_grammar","C:\Users\13527\Desktop\123\_TOOLS_AND_SCRIPTS\ROOT_LOOSE_HELPERS_20260603\COMMAND_GRAMMAR\RUN_COMMAND_GRAMMAR_V0_2_ACTIVE_TASK_POINTER_DESIGN.ps1","51439222C9EF82260E4302391FD7263AF4355750E9662C904724E15E93343E68","True","parked for read-only inventory"
"RUN_COMMAND_GRAMMAR_V0_3_CONFIRMATION_CARD_DESIGN_SAVE_GATE.ps1","temporary helper","command_grammar","C:\Users\13527\Desktop\123\_TOOLS_AND_SCRIPTS\ROOT_LOOSE_HELPERS_20260603\COMMAND_GRAMMAR\RUN_COMMAND_GRAMMAR_V0_3_CONFIRMATION_CARD_DESIGN_SAVE_GATE.ps1","1D0B953AC3900F018BEE2C455188F6363952781C6D7FD62EBF3CAC3928C49C52","True","parked for read-only inventory"
"RUN_COMMAND_GRAMMAR_V0_3_CONFIRMATION_CARD_DESIGN.ps1","temporary helper","command_grammar","C:\Users\13527\Desktop\123\_TOOLS_AND_SCRIPTS\ROOT_LOOSE_HELPERS_20260603\COMMAND_GRAMMAR\RUN_COMMAND_GRAMMAR_V0_3_CONFIRMATION_CARD_DESIGN.ps1","2B540BF30589375D624C8642C35A14FC4504D5D3AB5C7F044A092BE7E18D8FBA","True","parked for read-only inventory"
"RUN_COMMAND_GRAMMAR_V0_4_POINTER_READ_WRITE_RULES_DESIGN_SAVE_GATE.ps1","temporary helper","command_grammar","C:\Users\13527\Desktop\123\_TOOLS_AND_SCRIPTS\ROOT_LOOSE_HELPERS_20260603\COMMAND_GRAMMAR\RUN_COMMAND_GRAMMAR_V0_4_POINTER_READ_WRITE_RULES_DESIGN_SAVE_GATE.ps1","8DBA4DB87C7D7C51325EB8A9B6936F415A3C862EBE442E4596D2B62CFC53D110","True","parked for read-only inventory"
"RUN_COMMAND_GRAMMAR_V0_4_POINTER_READ_WRITE_RULES_DESIGN.ps1","temporary helper","command_grammar","C:\Users\13527\Desktop\123\_TOOLS_AND_SCRIPTS\ROOT_LOOSE_HELPERS_20260603\COMMAND_GRAMMAR\RUN_COMMAND_GRAMMAR_V0_4_POINTER_READ_WRITE_RULES_DESIGN.ps1","0E449D04FCCC527AAEE582CE0888E74E9E34CA277FC79E4C9533CFDC60561A2A","True","parked for read-only inventory"
"RUN_COMMAND_GRAMMAR_V0_5_FIRST_READ_ONLY_INSPECT_COMMAND_DESIGN_SAVE_GATE.ps1","temporary helper","command_grammar","C:\Users\13527\Desktop\123\_TOOLS_AND_SCRIPTS\ROOT_LOOSE_HELPERS_20260603\COMMAND_GRAMMAR\RUN_COMMAND_GRAMMAR_V0_5_FIRST_READ_ONLY_INSPECT_COMMAND_DESIGN_SAVE_GATE.ps1","34C551E6CA99D85524CECCF7935616B316927D69A8A24C31A5E5B6719ADE71AE","True","parked for read-only inventory"
"RUN_COMMAND_GRAMMAR_V0_5_FIRST_READ_ONLY_INSPECT_COMMAND_DESIGN.ps1","temporary helper","command_grammar","C:\Users\13527\Desktop\123\_TOOLS_AND_SCRIPTS\ROOT_LOOSE_HELPERS_20260603\COMMAND_GRAMMAR\RUN_COMMAND_GRAMMAR_V0_5_FIRST_READ_ONLY_INSPECT_COMMAND_DESIGN.ps1","E289BD259EA237E2FCA5DE339A7E0F500DA80AE19AF7C94A477904885EC454D3","True","parked for read-only inventory"
"RUN_COMMAND_GRAMMAR_V0_6_GUARDED_LOCAL_ONLY_READ_IMPLEMENTATION_DESIGN_SAVE_GATE.ps1","temporary helper","command_grammar","C:\Users\13527\Desktop\123\_TOOLS_AND_SCRIPTS\ROOT_LOOSE_HELPERS_20260603\COMMAND_GRAMMAR\RUN_COMMAND_GRAMMAR_V0_6_GUARDED_LOCAL_ONLY_READ_IMPLEMENTATION_DESIGN_SAVE_GATE.ps1","067AC0D15F421F9FB144E7D822EA4AC660B46F47544C4709BC7A8792B87594D6","True","parked for read-only inventory"
"RUN_COMMAND_GRAMMAR_V0_6_GUARDED_LOCAL_ONLY_READ_IMPLEMENTATION_DESIGN.ps1","temporary helper","command_grammar","C:\Users\13527\Desktop\123\_TOOLS_AND_SCRIPTS\ROOT_LOOSE_HELPERS_20260603\COMMAND_GRAMMAR\RUN_COMMAND_GRAMMAR_V0_6_GUARDED_LOCAL_ONLY_READ_IMPLEMENTATION_DESIGN.ps1","225180AC7B12EB50FC7F7001F8A780260C82914D03C0112C76D2C144BF39F8D3","True","parked for read-only inventory"
"RUN_CONSOLE_SEVERITY_COLOR_RULE_SAVE_GATE.ps1","temporary helper","other_routing_and_decision","C:\Users\13527\Desktop\123\_TOOLS_AND_SCRIPTS\ROOT_LOOSE_HELPERS_20260603\OTHER_ROUTING_AND_DECISION\RUN_CONSOLE_SEVERITY_COLOR_RULE_SAVE_GATE.ps1","C002549DCD7EF863CB57E3592E79347055508DCE0B42E3A501A0E39B24EC7CBA","True","parked for read-only inventory"
"RUN_GUARD_REVIEW_MICRO_002_VERIFIER_REPAIR_INPUT.ps1","temporary helper","guard_review","C:\Users\13527\Desktop\123\_TOOLS_AND_SCRIPTS\ROOT_LOOSE_HELPERS_20260603\GUARD_REVIEW\RUN_GUARD_REVIEW_MICRO_002_VERIFIER_REPAIR_INPUT.ps1","3DB19FE90D80EEA04EF8B024CAE94E6892D3CE4AE8C291DBF7DA1CCBD9A138B2","True","parked for read-only inventory"
"RUN_GUARD_REVIEW_MICRO_003_INSPECT_FACE_INPUT.ps1","temporary helper","guard_review","C:\Users\13527\Desktop\123\_TOOLS_AND_SCRIPTS\ROOT_LOOSE_HELPERS_20260603\GUARD_REVIEW\RUN_GUARD_REVIEW_MICRO_003_INSPECT_FACE_INPUT.ps1","8E93F3EFFCC7464BF1D6184D1B7331F6604E0B10D64C16694725F28C1FE372B2","True","parked for read-only inventory"
"RUN_GUARD_REVIEW_READ_ONLY_INSPECT_ACTIVE_TASK_V0_COLOR_V1_1.ps1","temporary helper","guard_review","C:\Users\13527\Desktop\123\_TOOLS_AND_SCRIPTS\ROOT_LOOSE_HELPERS_20260603\GUARD_REVIEW\RUN_GUARD_REVIEW_READ_ONLY_INSPECT_ACTIVE_TASK_V0_COLOR_V1_1.ps1","B32C5D8402F461753FA96FE058345C417FF5FA1DD9C28A5D0122A3393583602A","True","parked for read-only inventory"
"RUN_GUARD_REVIEW_READ_ONLY_INSPECT_ACTIVE_TASK_V0_V1_1.ps1","temporary helper","guard_review","C:\Users\13527\Desktop\123\_TOOLS_AND_SCRIPTS\ROOT_LOOSE_HELPERS_20260603\GUARD_REVIEW\RUN_GUARD_REVIEW_READ_ONLY_INSPECT_ACTIVE_TASK_V0_V1_1.ps1","6E9B44272E6ACD1148D3F092E7A6B88935B2C39B1E7A6EEE78C7C587DDABC60C","True","parked for read-only inventory"
"RUN_GUARD_REVIEW_READ_ONLY_INSPECT_ACTIVE_TASK_V0.ps1","temporary helper","guard_review","C:\Users\13527\Desktop\123\_TOOLS_AND_SCRIPTS\ROOT_LOOSE_HELPERS_20260603\GUARD_REVIEW\RUN_GUARD_REVIEW_READ_ONLY_INSPECT_ACTIVE_TASK_V0.ps1","137C82EFED4DCC4B5C332D82348C7183FC950E22654C0A2757080B169C478D50","True","parked for read-only inventory"
"RUN_HOUSE_DOCK_LOCAL_GUARD_MICRO_002_SAVE_GATE.ps1","temporary helper","house_dock","C:\Users\13527\Desktop\123\_TOOLS_AND_SCRIPTS\ROOT_LOOSE_HELPERS_20260603\HOUSE_DOCK\RUN_HOUSE_DOCK_LOCAL_GUARD_MICRO_002_SAVE_GATE.ps1","60AB57E5A9CDD431686BD2F27AE58493940A9F30EF64FBC04232EC944343D31A","True","parked for read-only inventory"
"RUN_HOUSE_DOCK_LOCAL_GUARD_V0_INSTALL_SELF_TEST_V1_1.ps1","temporary helper","house_dock","C:\Users\13527\Desktop\123\_TOOLS_AND_SCRIPTS\ROOT_LOOSE_HELPERS_20260603\HOUSE_DOCK\RUN_HOUSE_DOCK_LOCAL_GUARD_V0_INSTALL_SELF_TEST_V1_1.ps1","BE1B31EA6AE237006A258207A3676EC6A1EDF000FBB29A998C2D5DB47C96C2A0","True","parked for read-only inventory"
"RUN_HOUSE_DOCK_LOCAL_GUARD_V0_INSTALL_SELF_TEST.ps1","temporary helper","house_dock","C:\Users\13527\Desktop\123\_TOOLS_AND_SCRIPTS\ROOT_LOOSE_HELPERS_20260603\HOUSE_DOCK\RUN_HOUSE_DOCK_LOCAL_GUARD_V0_INSTALL_SELF_TEST.ps1","8B1E8E1C28AB48C7236E9727E506E05AF4968F5AB97729A5765E9326B9967369","True","parked for read-only inventory"
"RUN_HOUSE_DOCK_MICRO_003_AND_COMMAND_GRAMMAR_GOAL_SAVE_GATE.ps1","temporary helper","house_dock","C:\Users\13527\Desktop\123\_TOOLS_AND_SCRIPTS\ROOT_LOOSE_HELPERS_20260603\HOUSE_DOCK\RUN_HOUSE_DOCK_MICRO_003_AND_COMMAND_GRAMMAR_GOAL_SAVE_GATE.ps1","9044904228CF5EF1785CCCC1CAE94BE566064A213DBC63991DD91B81126B879F","True","parked for read-only inventory"
"RUN_HOUSE_DOCK_MICRO_003_INSPECT_FACE_DESIGN.ps1","temporary helper","house_dock","C:\Users\13527\Desktop\123\_TOOLS_AND_SCRIPTS\ROOT_LOOSE_HELPERS_20260603\HOUSE_DOCK\RUN_HOUSE_DOCK_MICRO_003_INSPECT_FACE_DESIGN.ps1","E375E1AE48933F6C487C65AC136BF3CF4AA63FA4D7839F26B92D96773E8A8C24","True","parked for read-only inventory"
"RUN_HOUSE_DOCK_SAVE_GATE_IGNORED_PATHS_REPAIR_V1_1.ps1","temporary helper","house_dock","C:\Users\13527\Desktop\123\_TOOLS_AND_SCRIPTS\ROOT_LOOSE_HELPERS_20260603\HOUSE_DOCK\RUN_HOUSE_DOCK_SAVE_GATE_IGNORED_PATHS_REPAIR_V1_1.ps1","56CB816A3EB4C91E5C2997A40A7E515B4CE8BF54639DA389BACA4E319EE07BE6","True","parked for read-only inventory"
"RUN_HOUSE_DOCK_SAVE_GATE_IGNORED_WORK_SHED_REPAIR.ps1","temporary helper","house_dock","C:\Users\13527\Desktop\123\_TOOLS_AND_SCRIPTS\ROOT_LOOSE_HELPERS_20260603\HOUSE_DOCK\RUN_HOUSE_DOCK_SAVE_GATE_IGNORED_WORK_SHED_REPAIR.ps1","652F618353791322D0C301D980E44E40B1655212B121D48319C712FFBFD5C981","True","parked for read-only inventory"
"RUN_READ_ONLY_INSPECT_ACTIVE_TASK_IMPLEMENTATION_DECISION_CARD.ps1","temporary helper","other_routing_and_decision","C:\Users\13527\Desktop\123\_TOOLS_AND_SCRIPTS\ROOT_LOOSE_HELPERS_20260603\OTHER_ROUTING_AND_DECISION\RUN_READ_ONLY_INSPECT_ACTIVE_TASK_IMPLEMENTATION_DECISION_CARD.ps1","50D78F1F6D721897F7CDD591AC716112B4306BC6834D297B0849D427DCEC69F5","True","parked for read-only inventory"
"RUN_VERIFY_HOUSE_DOCK_MICRO_003_INSPECT_FACE_OUTPUT.ps1","temporary helper","house_dock","C:\Users\13527\Desktop\123\_TOOLS_AND_SCRIPTS\ROOT_LOOSE_HELPERS_20260603\HOUSE_DOCK\RUN_VERIFY_HOUSE_DOCK_MICRO_003_INSPECT_FACE_OUTPUT.ps1","E0EF746BB9C6346749B29CE0AFD20F75C4588893F43E78EC03607ECBC4001B2C","True","parked for read-only inventory"
"RUN_WARNING_SELF_CLASSIFICATION_RULE_SAVE_GATE.ps1","temporary helper","other_routing_and_decision","C:\Users\13527\Desktop\123\_TOOLS_AND_SCRIPTS\ROOT_LOOSE_HELPERS_20260603\OTHER_ROUTING_AND_DECISION\RUN_WARNING_SELF_CLASSIFICATION_RULE_SAVE_GATE.ps1","B1AD233BCB5FBA38975FA10073DFF61F38AFA2E859075313830861573A0F158D","True","parked for read-only inventory"
