"Side","RelativePath","Length","LastWriteTimeUtc","SHA256","FullName"
"GIT_REPO_LANE","README.md","2431","2026-06-04T04:18:38.0471474Z","157BF66E882E2EE13CFB0FC782027A34ABF9183691AA70566DE0B5DE679D5FC4","C:\Users\13527\Desktop\123\Jxhnny_Kl33N_Seedz\HOUSE_WORK\PROJECT_COMMAND_CENTER_UI_LANE\README.md"
"GIT_REPO_LANE","ACTION_CARDS\BLOCKER_BURNDOWN_ACTION_CARDS_V0_2_20260604.md","1502","2026-06-04T04:25:14.0900933Z","D91AD4F70B75CB9446228F7D518A724901742BD9B853C0B1B9466BDC128A9450","C:\Users\13527\Desktop\123\Jxhnny_Kl33N_Seedz\HOUSE_WORK\PROJECT_COMMAND_CENTER_UI_LANE\ACTION_CARDS\BLOCKER_BURNDOWN_ACTION_CARDS_V0_2_20260604.md"
"GIT_REPO_LANE","ACTION_CARDS\ROOT_RESIDUE_ROUTE_ACTION_CARDS_V0_2_20260604.md","2169","2026-06-04T04:25:14.0900933Z","5EDEBD98691B2E541798C957580DB5A7BD68C4D2C6303703236449592E2D2D8C","C:\Users\13527\Desktop\123\Jxhnny_Kl33N_Seedz\HOUSE_WORK\PROJECT_COMMAND_CENTER_UI_LANE\ACTION_CARDS\ROOT_RESIDUE_ROUTE_ACTION_CARDS_V0_2_20260604.md"
"GIT_REPO_LANE","ACTION_CARDS\SAVE_GATE_ACTION_CARDS_V0_2_20260604.md","1978","2026-06-04T04:25:14.0900933Z","77D763CE2D7CE4262A6363365BF4E3357F0CDE248C7059EE4572F61C4BBAD540","C:\Users\13527\Desktop\123\Jxhnny_Kl33N_Seedz\HOUSE_WORK\PROJECT_COMMAND_CENTER_UI_LANE\ACTION_CARDS\SAVE_GATE_ACTION_CARDS_V0_2_20260604.md"
"GIT_REPO_LANE","ACTION_CARDS\UI_ACTION_CARD_TEMPLATE_V0_20260604.md","1274","2026-06-04T03:58:02.8566669Z","72DDDE395C3BF07CDC5BE601DAD480037F39450AC1C12DEE80BF71513A5BB6B0","C:\Users\13527\Desktop\123\Jxhnny_Kl33N_Seedz\HOUSE_WORK\PROJECT_COMMAND_CENTER_UI_LANE\ACTION_CARDS\UI_ACTION_CARD_TEMPLATE_V0_20260604.md"
"GIT_REPO_LANE","ACTION_CARDS\UI_ACTION_RECIPE_LIBRARY_V0_2_20260604.md","4493","2026-06-04T04:25:14.0900933Z","8256EE2069E3651A81D4BADFDCED34BEC21B94D8E72A32D93B977E4376833E9D","C:\Users\13527\Desktop\123\Jxhnny_Kl33N_Seedz\HOUSE_WORK\PROJECT_COMMAND_CENTER_UI_LANE\ACTION_CARDS\UI_ACTION_RECIPE_LIBRARY_V0_2_20260604.md"
"GIT_REPO_LANE","BACKLOG\UI_LANE_NEXT_BUILD_BACKLOG_20260604.md","1689","2026-06-04T04:18:38.0471474Z","A8F070AE275251B6193CC7D6408C226FCD8764A2CFCD4702AACEA08E88526722","C:\Users\13527\Desktop\123\Jxhnny_Kl33N_Seedz\HOUSE_WORK\PROJECT_COMMAND_CENTER_UI_LANE\BACKLOG\UI_LANE_NEXT_BUILD_BACKLOG_20260604.md"
"GIT_REPO_LANE","COMMAND_GRAMMAR\UI_COMMAND_GRAMMAR_V0_20260604.md","2822","2026-06-04T03:58:02.8546707Z","6FE7F287488BF54337F6614C40DDD000DCEC8A9C768D98C1B8EB6592122C47BB","C:\Users\13527\Desktop\123\Jxhnny_Kl33N_Seedz\HOUSE_WORK\PROJECT_COMMAND_CENTER_UI_LANE\COMMAND_GRAMMAR\UI_COMMAND_GRAMMAR_V0_20260604.md"
"GIT_REPO_LANE","COMMAND_GRAMMAR\UI_COMMAND_REGISTRY_V0_2_20260604.md","3968","2026-06-04T04:25:14.0900933Z","0C28BBC729F600FFF34455A0A92EA84D726D22F2B256DE4429AB263AFDCDDF76","C:\Users\13527\Desktop\123\Jxhnny_Kl33N_Seedz\HOUSE_WORK\PROJECT_COMMAND_CENTER_UI_LANE\COMMAND_GRAMMAR\UI_COMMAND_REGISTRY_V0_2_20260604.md"
"GIT_REPO_LANE","PATH_MAPS\UI_LANE_PATH_MAP_V0_2_20260604.csv","3370","2026-06-04T04:18:38.0471474Z","5285C13807816CB577E79ED8703C1FD707C648B248D38C57E9FA59FE1538B1E4","C:\Users\13527\Desktop\123\Jxhnny_Kl33N_Seedz\HOUSE_WORK\PROJECT_COMMAND_CENTER_UI_LANE\PATH_MAPS\UI_LANE_PATH_MAP_V0_2_20260604.csv"
"GIT_REPO_LANE","PATH_MAPS\UI_LANE_PATH_MAP_V0_20260604.csv","2570","2026-06-04T03:58:02.8576649Z","D1A6D7C18FFA599D41AD6BFB54CCD63F7EA3D485317301753ED2036AB1DD7680","C:\Users\13527\Desktop\123\Jxhnny_Kl33N_Seedz\HOUSE_WORK\PROJECT_COMMAND_CENTER_UI_LANE\PATH_MAPS\UI_LANE_PATH_MAP_V0_20260604.csv"
"GIT_REPO_LANE","PROOF_GATES\UI_BIG_JOB_DATA_BUDGET_PROTOCOL_V0_1_20260604.md","1264","2026-06-04T04:25:14.0900933Z","725B959DEC9EC93171D82D88148F8E6E6D88D554DEADC06EF960AA4FA3D513AF","C:\Users\13527\Desktop\123\Jxhnny_Kl33N_Seedz\HOUSE_WORK\PROJECT_COMMAND_CENTER_UI_LANE\PROOF_GATES\UI_BIG_JOB_DATA_BUDGET_PROTOCOL_V0_1_20260604.md"
"GIT_REPO_LANE","PROOF_GATES\UI_LANE_ACCEPTANCE_TEST_PLAN_V0_1_20260604.md","2014","2026-06-04T04:25:14.0900933Z","4F9CFEE435E57CA337380605F9522307A1576128EB8A8AD6376CF31B981644A7","C:\Users\13527\Desktop\123\Jxhnny_Kl33N_Seedz\HOUSE_WORK\PROJECT_COMMAND_CENTER_UI_LANE\PROOF_GATES\UI_LANE_ACCEPTANCE_TEST_PLAN_V0_1_20260604.md"
"GIT_REPO_LANE","PROOF_GATES\UI_LANE_BUILD_PROOF_CHECKLIST_V0_20260604.md","1351","2026-06-04T03:58:02.8586615Z","74E29F97A78A840879CE5945A6D13317A25E942ECD40C52A722179E982AA2E9A","C:\Users\13527\Desktop\123\Jxhnny_Kl33N_Seedz\HOUSE_WORK\PROJECT_COMMAND_CENTER_UI_LANE\PROOF_GATES\UI_LANE_BUILD_PROOF_CHECKLIST_V0_20260604.md"
"GIT_REPO_LANE","RECEIPTS\COMMAND_CENTER_UI_LANE_STATIC_ACCEPTANCE_REVIEW_CLOSEOUT_20260606.md","2465","2026-06-07T01:01:19.7343499Z","2663334B066FEFB84A760A7C2CF1792BC0ECF79466B592E80EB51263E39C4AF7","C:\Users\13527\Desktop\123\Jxhnny_Kl33N_Seedz\HOUSE_WORK\PROJECT_COMMAND_CENTER_UI_LANE\RECEIPTS\COMMAND_CENTER_UI_LANE_STATIC_ACCEPTANCE_REVIEW_CLOSEOUT_20260606.md"
"GIT_REPO_LANE","RECEIPTS\COMMAND_CENTER_UI_LANE_TARGET_ALREADY_EXISTS_VERIFY_CLOSEOUT_20260606.md","1776","2026-06-07T01:52:19.3111360Z","8E5BB4F949A30BD7D03E3F96FFB9C2E884E1DB8E3B45957E29BDCDF90B98DB26","C:\Users\13527\Desktop\123\Jxhnny_Kl33N_Seedz\HOUSE_WORK\PROJECT_COMMAND_CENTER_UI_LANE\RECEIPTS\COMMAND_CENTER_UI_LANE_TARGET_ALREADY_EXISTS_VERIFY_CLOSEOUT_20260606.md"
"GIT_REPO_LANE","RECEIPTS\EXACT_SET_SAVE_AND_TOP_DOWN_HELPER_REVIEW_MANIFEST_20260604.csv","2813","2026-06-04T08:48:09.4385759Z","D931CEBF5AE796250D4A577C2E6C604F629E9CE7C10E74AD140E870212EABD06","C:\Users\13527\Desktop\123\Jxhnny_Kl33N_Seedz\HOUSE_WORK\PROJECT_COMMAND_CENTER_UI_LANE\RECEIPTS\EXACT_SET_SAVE_AND_TOP_DOWN_HELPER_REVIEW_MANIFEST_20260604.csv"
"GIT_REPO_LANE","RECEIPTS\EXACT_SET_SAVE_AND_TOP_DOWN_HELPER_REVIEW_RECEIPT_20260604.txt","3913","2026-06-04T08:48:48.9362891Z","CC9B216E7E6A67D23C073B842D0ABD9A21FBD2914214BCC0697CBCAC84EBC3DA","C:\Users\13527\Desktop\123\Jxhnny_Kl33N_Seedz\HOUSE_WORK\PROJECT_COMMAND_CENTER_UI_LANE\RECEIPTS\EXACT_SET_SAVE_AND_TOP_DOWN_HELPER_REVIEW_RECEIPT_20260604.txt"
"GIT_REPO_LANE","RECEIPTS\EXACT_SET_SAVE_AND_TOP_DOWN_HELPER_REVIEW_ROLLBACK_MANIFEST_20260604.csv","1435","2026-06-04T08:48:09.4405727Z","4BCA2E691ECDC2790ED650856B1D8D838378E12A7D4A4B9611179A5787D1B7F8","C:\Users\13527\Desktop\123\Jxhnny_Kl33N_Seedz\HOUSE_WORK\PROJECT_COMMAND_CENTER_UI_LANE\RECEIPTS\EXACT_SET_SAVE_AND_TOP_DOWN_HELPER_REVIEW_ROLLBACK_MANIFEST_20260604.csv"
"GIT_REPO_LANE","RECEIPTS\UI_LANE_BUILD_MANIFEST_20260604.csv","2540","2026-06-04T04:00:47.8612452Z","2D71E6C734775D1B2C08A2D12396ABBAD57B4CAAD7FF12376C4296227121571D","C:\Users\13527\Desktop\123\Jxhnny_Kl33N_Seedz\HOUSE_WORK\PROJECT_COMMAND_CENTER_UI_LANE\RECEIPTS\UI_LANE_BUILD_MANIFEST_20260604.csv"
"GIT_REPO_LANE","RECEIPTS\UI_LANE_BUILD_RECEIPT_20260604.txt","2393","2026-06-04T04:00:47.8622433Z","ED92FF1D35C166D535810A40C9893603B8999C08D372FC34490EE400A3ABBFE1","C:\Users\13527\Desktop\123\Jxhnny_Kl33N_Seedz\HOUSE_WORK\PROJECT_COMMAND_CENTER_UI_LANE\RECEIPTS\UI_LANE_BUILD_RECEIPT_20260604.txt"
"GIT_REPO_LANE","RECEIPTS\UI_LANE_BUILD_ROLLBACK_MANIFEST_20260604.csv","2559","2026-06-04T04:01:29.8609161Z","48D408F6845545B9A77393B766216ED6D6BC1E42108C4341CE0D4FB19C0BC0E2","C:\Users\13527\Desktop\123\Jxhnny_Kl33N_Seedz\HOUSE_WORK\PROJECT_COMMAND_CENTER_UI_LANE\RECEIPTS\UI_LANE_BUILD_ROLLBACK_MANIFEST_20260604.csv"
"GIT_REPO_LANE","RECEIPTS\UI_LANE_PHASE2_BUILD_MANIFEST_20260604.csv","3202","2026-06-04T04:26:31.0131684Z","EEFAF5A2383653E127F9CEF794D1E2C7BA9A0841A52EB11A61D6532F8AAEEE14","C:\Users\13527\Desktop\123\Jxhnny_Kl33N_Seedz\HOUSE_WORK\PROJECT_COMMAND_CENTER_UI_LANE\RECEIPTS\UI_LANE_PHASE2_BUILD_MANIFEST_20260604.csv"
"GIT_REPO_LANE","RECEIPTS\UI_LANE_PHASE2_BUILD_RECEIPT_20260604.txt","3805","2026-06-04T04:26:44.3618626Z","AD029037CC8DE34C20AD46EECFD73CF5AB0C59BEBB2EC9C050BA1ADD18784589","C:\Users\13527\Desktop\123\Jxhnny_Kl33N_Seedz\HOUSE_WORK\PROJECT_COMMAND_CENTER_UI_LANE\RECEIPTS\UI_LANE_PHASE2_BUILD_RECEIPT_20260604.txt"
"GIT_REPO_LANE","RECEIPTS\UI_LANE_PHASE2_ROLLBACK_MANIFEST_20260604.csv","3521","2026-06-04T04:26:31.0131684Z","D8C7C129D6767DB49316C94B09832FD1BDD13DF5AC5CB6B851AEFA0B9C62A057","C:\Users\13527\Desktop\123\Jxhnny_Kl33N_Seedz\HOUSE_WORK\PROJECT_COMMAND_CENTER_UI_LANE\RECEIPTS\UI_LANE_PHASE2_ROLLBACK_MANIFEST_20260604.csv"
"GIT_REPO_LANE","REPORTS\TOP_DOWN_HELPER_LOWER_LAYER_ISSUE_MAP_20260604.md","4898","2026-06-04T08:47:00.2739560Z","1A692F05DD80C39E941BD88DAACC67EC5785AD47ED9FA11A8B58A6FCC1E4C6B4","C:\Users\13527\Desktop\123\Jxhnny_Kl33N_Seedz\HOUSE_WORK\PROJECT_COMMAND_CENTER_UI_LANE\REPORTS\TOP_DOWN_HELPER_LOWER_LAYER_ISSUE_MAP_20260604.md"
"GIT_REPO_LANE","REPORTS\UI_LANE_BLOCKER_BURNDOWN_20260604.md","1501","2026-06-04T03:58:02.8606566Z","D1C97A4220E520662E54696BC67902C5F2B01F8256BFF0B712291A3EAA18E526","C:\Users\13527\Desktop\123\Jxhnny_Kl33N_Seedz\HOUSE_WORK\PROJECT_COMMAND_CENTER_UI_LANE\REPORTS\UI_LANE_BLOCKER_BURNDOWN_20260604.md"
"GIT_REPO_LANE","REPORTS\UI_LANE_INVENTORY_REPORT_20260604.md","3235","2026-06-04T03:58:02.8536734Z","6A597E1EE678E89C821FAEFDFD58A7A957DFE02D0A6F5DC7367617197C1C1D0E","C:\Users\13527\Desktop\123\Jxhnny_Kl33N_Seedz\HOUSE_WORK\PROJECT_COMMAND_CENTER_UI_LANE\REPORTS\UI_LANE_INVENTORY_REPORT_20260604.md"
"GIT_REPO_LANE","RULES\POWERSHELL_TERMINAL_OUTPUT_POLLUTION_TRAP_RULE_V1_20260606.md","1629","2026-06-07T01:54:30.5663792Z","D4EC740E994E3B815CB1C9B0AF0A6BB014E329CA22D643DCF6BB80BF7166FAA1","C:\Users\13527\Desktop\123\Jxhnny_Kl33N_Seedz\HOUSE_WORK\PROJECT_COMMAND_CENTER_UI_LANE\RULES\POWERSHELL_TERMINAL_OUTPUT_POLLUTION_TRAP_RULE_V1_20260606.md"
"GIT_REPO_LANE","SCREEN_MAPS\UI_DASHBOARD_STATE_MODEL_V0_2_20260604.md","3002","2026-06-04T04:25:14.0900933Z","5228DFD0B47F104EF1E993F6EA6023E79AE76485F451262743BF5ECD18B45DCB","C:\Users\13527\Desktop\123\Jxhnny_Kl33N_Seedz\HOUSE_WORK\PROJECT_COMMAND_CENTER_UI_LANE\SCREEN_MAPS\UI_DASHBOARD_STATE_MODEL_V0_2_20260604.md"
"GIT_REPO_LANE","SCREEN_MAPS\UI_FILE_OBJECT_INSPECTOR_SPEC_V0_2_20260604.md","1609","2026-06-04T04:25:14.0900933Z","6C0794F252E6BC40404933D169DB47406F7D41C3A4E3F9F693780C9E5B3EF9A2","C:\Users\13527\Desktop\123\Jxhnny_Kl33N_Seedz\HOUSE_WORK\PROJECT_COMMAND_CENTER_UI_LANE\SCREEN_MAPS\UI_FILE_OBJECT_INSPECTOR_SPEC_V0_2_20260604.md"
"GIT_REPO_LANE","SCREEN_MAPS\UI_PROOF_RECEIPT_VIEWER_SPEC_V0_2_20260604.md","1590","2026-06-04T04:25:14.0900933Z","754C7B02E576FB559123959E63189FB6557C6F8237886BA5C336869F12A1B70B","C:\Users\13527\Desktop\123\Jxhnny_Kl33N_Seedz\HOUSE_WORK\PROJECT_COMMAND_CENTER_UI_LANE\SCREEN_MAPS\UI_PROOF_RECEIPT_VIEWER_SPEC_V0_2_20260604.md"
"GIT_REPO_LANE","SCREEN_MAPS\UI_SCREEN_PANEL_MAP_V0_20260604.md","1498","2026-06-04T03:58:02.8566669Z","385B8217233417D233A9E2641B2275330101CE40CA09ADF99EFF10F5DE2E23EC","C:\Users\13527\Desktop\123\Jxhnny_Kl33N_Seedz\HOUSE_WORK\PROJECT_COMMAND_CENTER_UI_LANE\SCREEN_MAPS\UI_SCREEN_PANEL_MAP_V0_20260604.md"
"GIT_REPO_LANE","SOURCE_HANDOFFS\MULE_HANDOFF_EXACT_SET_SAVE_AND_TOP_DOWN_HELPER_REVIEW_20260604.md","10986","2026-06-04T08:35:42.8004954Z","F3F0888779396F77AFD7993E5A079086CBA2A05CF01CDF10AA97B44733094A28","C:\Users\13527\Desktop\123\Jxhnny_Kl33N_Seedz\HOUSE_WORK\PROJECT_COMMAND_CENTER_UI_LANE\SOURCE_HANDOFFS\MULE_HANDOFF_EXACT_SET_SAVE_AND_TOP_DOWN_HELPER_REVIEW_20260604.md"
"GIT_REPO_LANE","SOURCE_HANDOFFS\MULE_HANDOFF_UI_LANE_BIG_JOB_COMBINED_20260604.md","20918","2026-06-04T03:52:35.9827143Z","FAA36B89D890B148929F7D7582AC3547E70270EF118F91CBB7A6F3CDE1504CEB","C:\Users\13527\Desktop\123\Jxhnny_Kl33N_Seedz\HOUSE_WORK\PROJECT_COMMAND_CENTER_UI_LANE\SOURCE_HANDOFFS\MULE_HANDOFF_UI_LANE_BIG_JOB_COMBINED_20260604.md"
"GIT_REPO_LANE","SOURCE_HANDOFFS\MULE_HANDOFF_UI_LANE_BIG_JOB_PHASE2_EXACT_SAVE_AND_BUILD_20260604.md","13188","2026-06-04T04:12:43.2722499Z","2C4B6A2851676D6BC015376CDD208B547FECF967D0AC7E43AF27DC02639D2F0F","C:\Users\13527\Desktop\123\Jxhnny_Kl33N_Seedz\HOUSE_WORK\PROJECT_COMMAND_CENTER_UI_LANE\SOURCE_HANDOFFS\MULE_HANDOFF_UI_LANE_BIG_JOB_PHASE2_EXACT_SAVE_AND_BUILD_20260604.md"
"GIT_REPO_LANE","SPEC\PROJECT_COMMAND_CENTER_UI_LANE_MASTER_BUILD_SPEC_V0_1_20260604.md","3428","2026-06-04T03:58:02.8546707Z","6D9D041FE026581ECC030D78577EEB8A3B2BA570F61AB93AE283700DF800C43F","C:\Users\13527\Desktop\123\Jxhnny_Kl33N_Seedz\HOUSE_WORK\PROJECT_COMMAND_CENTER_UI_LANE\SPEC\PROJECT_COMMAND_CENTER_UI_LANE_MASTER_BUILD_SPEC_V0_1_20260604.md"
