"BatchID","BatchName","TicketID","TicketIDSource","FileName","ReviewRole","ProposedStaticDisposition","SourcePath","SourceExists","SHA256","PresentInQueue","PresentInV01Selection","OriginalRoleLabel","OriginalRiskLabel","UserDecision"
"HSRB-003","ROOT_DROP_INTAKE_WASHER_BUILD_OPTION_SET_CHAIN","RHG-DRY-005","SOURCE_FIELD","BUILD_ROOT_DROP_INTAKE_WASHER_HELPER_CANDIDATE_OPTION_SET_20260608.ps1","ROOT_DROP_INTAKE_WASHER_BUILD_OPTION_SET_REVIEW_ONLY","STATIC_REVIEW_REQUIRED_NO_EXECUTION","C:\Users\13527\Desktop\123\BUILD_ROOT_DROP_INTAKE_WASHER_HELPER_CANDIDATE_OPTION_SET_20260608.ps1","True","978BBF7777416A53B41F5667B0BDB0F3DBB52FC58F6D079D4DC4AFEE3F0BB40C","True","True","EXECUTABLE_HELPER_REVIEW_REQUIRED","HIGH_RISK_EXECUTABLE","REVIEW"
"HSRB-003","ROOT_DROP_INTAKE_WASHER_BUILD_OPTION_SET_CHAIN","RHG-DRY-006","SOURCE_FIELD","BUILD_ROOT_DROP_INTAKE_WASHER_OLD_LOAD_OR_SYSTEM_OPTION_SET_V0_2_20260608.ps1","ROOT_DROP_INTAKE_WASHER_BUILD_OPTION_SET_REVIEW_ONLY","STATIC_REVIEW_REQUIRED_NO_EXECUTION","C:\Users\13527\Desktop\123\BUILD_ROOT_DROP_INTAKE_WASHER_OLD_LOAD_OR_SYSTEM_OPTION_SET_V0_2_20260608.ps1","True","BC8B975998FDE49582AF1D626494274060F657DA88608174C4A020CF002E17FB","True","True","EXECUTABLE_HELPER_REVIEW_REQUIRED","HIGH_RISK_EXECUTABLE","REVIEW"
"HSRB-003","ROOT_DROP_INTAKE_WASHER_BUILD_OPTION_SET_CHAIN","RHG-DRY-007","SOURCE_FIELD","BUILD_ROOT_DROP_INTAKE_WASHER_QUEUE_CLOSEOUT_AND_NEXT_ACTION_CARD_20260608.ps1","ROOT_DROP_INTAKE_WASHER_BUILD_OPTION_SET_REVIEW_ONLY","STATIC_REVIEW_REQUIRED_NO_EXECUTION","C:\Users\13527\Desktop\123\BUILD_ROOT_DROP_INTAKE_WASHER_QUEUE_CLOSEOUT_AND_NEXT_ACTION_CARD_20260608.ps1","True","6C6C2CCD07CFBD8AECB58BE5D1B414F62981B4FD3627C4A42BF21B7F8724BBD8","True","True","EXECUTABLE_HELPER_REVIEW_REQUIRED","HIGH_RISK_EXECUTABLE","REVIEW"
"HSRB-003","ROOT_DROP_INTAKE_WASHER_BUILD_OPTION_SET_CHAIN","RHG-DRY-008","SOURCE_FIELD","BUILD_ROOT_DROP_INTAKE_WASHER_REVIEW_QUEUE_20260608.ps1","ROOT_DROP_INTAKE_WASHER_BUILD_OPTION_SET_REVIEW_ONLY","STATIC_REVIEW_REQUIRED_NO_EXECUTION","C:\Users\13527\Desktop\123\BUILD_ROOT_DROP_INTAKE_WASHER_REVIEW_QUEUE_20260608.ps1","True","46B5C36ED5DD0F81B461D31451BA43FE792E6C108ABAC08C459C31B2D28E70CB","True","True","EXECUTABLE_HELPER_REVIEW_REQUIRED","HIGH_RISK_EXECUTABLE","REVIEW"
"HSRB-003","ROOT_DROP_INTAKE_WASHER_BUILD_OPTION_SET_CHAIN","RHG-DRY-009","SOURCE_FIELD","BUILD_ROOT_DROP_INTAKE_WASHER_REVIEW_QUEUE_SUMMARY_AND_OPTION_SET_20260608.ps1","ROOT_DROP_INTAKE_WASHER_BUILD_OPTION_SET_REVIEW_ONLY","STATIC_REVIEW_REQUIRED_NO_EXECUTION","C:\Users\13527\Desktop\123\BUILD_ROOT_DROP_INTAKE_WASHER_REVIEW_QUEUE_SUMMARY_AND_OPTION_SET_20260608.ps1","True","209B743FA6CE50DA1E5382134BFCFE19DED84C08C04B35817C9ABD83E5FC6A59","True","True","EXECUTABLE_HELPER_REVIEW_REQUIRED","HIGH_RISK_EXECUTABLE","REVIEW"
"HSRB-003","ROOT_DROP_INTAKE_WASHER_BUILD_OPTION_SET_CHAIN","RHG-DRY-010","SOURCE_FIELD","BUILD_ROOT_DROP_INTAKE_WASHER_SOURCE_AUTHORITY_CANDIDATE_OPTION_SET_20260608.ps1","ROOT_DROP_INTAKE_WASHER_BUILD_OPTION_SET_REVIEW_ONLY","STATIC_REVIEW_REQUIRED_NO_EXECUTION","C:\Users\13527\Desktop\123\BUILD_ROOT_DROP_INTAKE_WASHER_SOURCE_AUTHORITY_CANDIDATE_OPTION_SET_20260608.ps1","True","FA00C5CC12E68C932890B6BD79AF051F8710B878553E9C26CE905C56DB902AD4","True","True","EXECUTABLE_HELPER_REVIEW_REQUIRED","HIGH_RISK_EXECUTABLE","REVIEW"
"HSRB-003","ROOT_DROP_INTAKE_WASHER_BUILD_OPTION_SET_CHAIN","RHG-DRY-011","SOURCE_FIELD","BUILD_ROOT_DROP_INTAKE_WASHER_SUPPORT_CANDIDATE_OPTION_SET_20260608.ps1","ROOT_DROP_INTAKE_WASHER_BUILD_OPTION_SET_REVIEW_ONLY","STATIC_REVIEW_REQUIRED_NO_EXECUTION","C:\Users\13527\Desktop\123\BUILD_ROOT_DROP_INTAKE_WASHER_SUPPORT_CANDIDATE_OPTION_SET_20260608.ps1","True","4D020C550899629BDDF01B0C493798585C86545167542AB9F4B44DDF861F6813","True","True","EXECUTABLE_HELPER_REVIEW_REQUIRED","HIGH_RISK_EXECUTABLE","REVIEW"
"HSRB-003","ROOT_DROP_INTAKE_WASHER_BUILD_OPTION_SET_CHAIN","RHG-DRY-012","SOURCE_FIELD","BUILD_ROOT_DROP_INTAKE_WASHER_SUPPORT_CANDIDATE_OPTION_SET_V0_2_20260608.ps1","ROOT_DROP_INTAKE_WASHER_BUILD_OPTION_SET_REVIEW_ONLY","STATIC_REVIEW_REQUIRED_NO_EXECUTION","C:\Users\13527\Desktop\123\BUILD_ROOT_DROP_INTAKE_WASHER_SUPPORT_CANDIDATE_OPTION_SET_V0_2_20260608.ps1","True","B40174F150AC0B698484A4F76A30E7CAD844787F9391D03A02053693983F3AAE","True","True","EXECUTABLE_HELPER_REVIEW_REQUIRED","HIGH_RISK_EXECUTABLE","REVIEW"
"HSRB-003","ROOT_DROP_INTAKE_WASHER_BUILD_OPTION_SET_CHAIN","RHG-DRY-013","SOURCE_FIELD","BUILD_ROOT_DROP_INTAKE_WASHER_SUPPORT_CARD_SCHEMA_AND_DRY_RUN_20260608.ps1","ROOT_DROP_INTAKE_WASHER_BUILD_OPTION_SET_REVIEW_ONLY","STATIC_REVIEW_REQUIRED_NO_EXECUTION","C:\Users\13527\Desktop\123\BUILD_ROOT_DROP_INTAKE_WASHER_SUPPORT_CARD_SCHEMA_AND_DRY_RUN_20260608.ps1","True","7BA811323EDB857D1C1F5E808769C8ED0303CA4FF76415A274881927FFAE1604","True","True","EXECUTABLE_HELPER_REVIEW_REQUIRED","HIGH_RISK_EXECUTABLE","REVIEW"
