"BatchID","TicketID","FileName","StaticDisposition","DispositionBucket","RiskDisposition","ReviewDecision","DeclaredSha256","ActualSha256","HashMatch","SourceExists","TextReadOk","ContainsCopyItem","ContainsGitCommand","ContainsMoveItem","ContainsRemoveItem","ContainsRenameItem","ContainsStartProcess","ContainsInvokeExpression","ExecutionCleared","RouteCleared","CleanupCleared","DoctrinePromotionCleared","ActionNow","SourcePath"
"HSRB-003","RHG-DRY-005","BUILD_ROOT_DROP_INTAKE_WASHER_HELPER_CANDIDATE_OPTION_SET_20260608.ps1","HELPER_CANDIDATE_OPTION_SET_REVIEW_ONLY","CANDIDATE_METHOD_REVIEW_REQUIRED_EVIDENCE_ONLY","RISK_MARKED_GIT_REVIEW_ONLY_NOT_CLEARED","EVIDENCE_ONLY_NOT_EXECUTION_NOT_ROUTE_NOT_CLEANUP","978BBF7777416A53B41F5667B0BDB0F3DBB52FC58F6D079D4DC4AFEE3F0BB40C","978BBF7777416A53B41F5667B0BDB0F3DBB52FC58F6D079D4DC4AFEE3F0BB40C","True","True","True","False","True","False","False","False","False","False","False","False","False","False","NO","C:\Users\13527\Desktop\123\BUILD_ROOT_DROP_INTAKE_WASHER_HELPER_CANDIDATE_OPTION_SET_20260608.ps1"
"HSRB-003","RHG-DRY-006","BUILD_ROOT_DROP_INTAKE_WASHER_OLD_LOAD_OR_SYSTEM_OPTION_SET_V0_2_20260608.ps1","OLD_LOAD_OR_SYSTEM_OPTION_SET_REVIEW_ONLY","OLD_LOAD_OR_SYSTEM_OPTION_REVIEW_ONLY_EVIDENCE_ONLY","RISK_MARKED_GIT_REVIEW_ONLY_NOT_CLEARED","EVIDENCE_ONLY_NOT_EXECUTION_NOT_ROUTE_NOT_CLEANUP","BC8B975998FDE49582AF1D626494274060F657DA88608174C4A020CF002E17FB","BC8B975998FDE49582AF1D626494274060F657DA88608174C4A020CF002E17FB","True","True","True","False","True","False","False","False","False","False","False","False","False","False","NO","C:\Users\13527\Desktop\123\BUILD_ROOT_DROP_INTAKE_WASHER_OLD_LOAD_OR_SYSTEM_OPTION_SET_V0_2_20260608.ps1"
"HSRB-003","RHG-DRY-007","BUILD_ROOT_DROP_INTAKE_WASHER_QUEUE_CLOSEOUT_AND_NEXT_ACTION_CARD_20260608.ps1","QUEUE_CLOSEOUT_AND_NEXT_ACTION_CARD_REVIEW_ONLY","CONTROL_CARD_OR_CLOSEOUT_PROOF_REVIEW_ONLY","RISK_MARKED_GIT_REVIEW_ONLY_NOT_CLEARED","EVIDENCE_ONLY_NOT_EXECUTION_NOT_ROUTE_NOT_CLEANUP","6C6C2CCD07CFBD8AECB58BE5D1B414F62981B4FD3627C4A42BF21B7F8724BBD8","6C6C2CCD07CFBD8AECB58BE5D1B414F62981B4FD3627C4A42BF21B7F8724BBD8","True","True","True","False","True","False","False","False","False","False","False","False","False","False","NO","C:\Users\13527\Desktop\123\BUILD_ROOT_DROP_INTAKE_WASHER_QUEUE_CLOSEOUT_AND_NEXT_ACTION_CARD_20260608.ps1"
"HSRB-003","RHG-DRY-008","BUILD_ROOT_DROP_INTAKE_WASHER_REVIEW_QUEUE_20260608.ps1","REVIEW_QUEUE_FAMILY_REVIEW_ONLY","REVIEW_QUEUE_FAMILY_SUPPORT_OR_PROOF_REVIEW_ONLY","RISK_MARKED_GIT_REVIEW_ONLY_NOT_CLEARED","EVIDENCE_ONLY_NOT_EXECUTION_NOT_ROUTE_NOT_CLEANUP","46B5C36ED5DD0F81B461D31451BA43FE792E6C108ABAC08C459C31B2D28E70CB","46B5C36ED5DD0F81B461D31451BA43FE792E6C108ABAC08C459C31B2D28E70CB","True","True","True","False","True","False","False","False","False","False","False","False","False","False","NO","C:\Users\13527\Desktop\123\BUILD_ROOT_DROP_INTAKE_WASHER_REVIEW_QUEUE_20260608.ps1"
"HSRB-003","RHG-DRY-009","BUILD_ROOT_DROP_INTAKE_WASHER_REVIEW_QUEUE_SUMMARY_AND_OPTION_SET_20260608.ps1","REVIEW_QUEUE_FAMILY_REVIEW_ONLY","REVIEW_QUEUE_FAMILY_SUPPORT_OR_PROOF_REVIEW_ONLY","RISK_MARKED_GIT_REVIEW_ONLY_NOT_CLEARED","EVIDENCE_ONLY_NOT_EXECUTION_NOT_ROUTE_NOT_CLEANUP","209B743FA6CE50DA1E5382134BFCFE19DED84C08C04B35817C9ABD83E5FC6A59","209B743FA6CE50DA1E5382134BFCFE19DED84C08C04B35817C9ABD83E5FC6A59","True","True","True","False","True","False","False","False","False","False","False","False","False","False","NO","C:\Users\13527\Desktop\123\BUILD_ROOT_DROP_INTAKE_WASHER_REVIEW_QUEUE_SUMMARY_AND_OPTION_SET_20260608.ps1"
"HSRB-003","RHG-DRY-010","BUILD_ROOT_DROP_INTAKE_WASHER_SOURCE_AUTHORITY_CANDIDATE_OPTION_SET_20260608.ps1","SOURCE_AUTHORITY_CANDIDATE_OPTION_SET_REVIEW_ONLY","SOURCE_AUTHORITY_CANDIDATE_REVIEW_REQUIRED_EVIDENCE_ONLY","RISK_MARKED_GIT_REVIEW_ONLY_NOT_CLEARED","EVIDENCE_ONLY_NOT_EXECUTION_NOT_ROUTE_NOT_CLEANUP","FA00C5CC12E68C932890B6BD79AF051F8710B878553E9C26CE905C56DB902AD4","FA00C5CC12E68C932890B6BD79AF051F8710B878553E9C26CE905C56DB902AD4","True","True","True","False","True","False","False","False","False","False","False","False","False","False","NO","C:\Users\13527\Desktop\123\BUILD_ROOT_DROP_INTAKE_WASHER_SOURCE_AUTHORITY_CANDIDATE_OPTION_SET_20260608.ps1"
"HSRB-003","RHG-DRY-011","BUILD_ROOT_DROP_INTAKE_WASHER_SUPPORT_CANDIDATE_OPTION_SET_20260608.ps1","SUPPORT_CANDIDATE_OPTION_SET_REVIEW_ONLY","SUPPORT_CANDIDATE_REVIEW_REQUIRED_EVIDENCE_ONLY","RISK_MARKED_GIT_REVIEW_ONLY_NOT_CLEARED","EVIDENCE_ONLY_NOT_EXECUTION_NOT_ROUTE_NOT_CLEANUP","4D020C550899629BDDF01B0C493798585C86545167542AB9F4B44DDF861F6813","4D020C550899629BDDF01B0C493798585C86545167542AB9F4B44DDF861F6813","True","True","True","False","True","False","False","False","False","False","False","False","False","False","NO","C:\Users\13527\Desktop\123\BUILD_ROOT_DROP_INTAKE_WASHER_SUPPORT_CANDIDATE_OPTION_SET_20260608.ps1"
"HSRB-003","RHG-DRY-012","BUILD_ROOT_DROP_INTAKE_WASHER_SUPPORT_CANDIDATE_OPTION_SET_V0_2_20260608.ps1","SUPPORT_CANDIDATE_OPTION_SET_REVIEW_ONLY","SUPPORT_CANDIDATE_REVIEW_REQUIRED_EVIDENCE_ONLY","RISK_MARKED_COPY_AND_GIT_REVIEW_ONLY_NOT_CLEARED","EVIDENCE_ONLY_NOT_EXECUTION_NOT_ROUTE_NOT_CLEANUP","B40174F150AC0B698484A4F76A30E7CAD844787F9391D03A02053693983F3AAE","B40174F150AC0B698484A4F76A30E7CAD844787F9391D03A02053693983F3AAE","True","True","True","True","True","False","False","False","False","False","False","False","False","False","NO","C:\Users\13527\Desktop\123\BUILD_ROOT_DROP_INTAKE_WASHER_SUPPORT_CANDIDATE_OPTION_SET_V0_2_20260608.ps1"
"HSRB-003","RHG-DRY-013","BUILD_ROOT_DROP_INTAKE_WASHER_SUPPORT_CARD_SCHEMA_AND_DRY_RUN_20260608.ps1","SUPPORT_CARD_SCHEMA_AND_DRY_RUN_REVIEW_ONLY","SUPPORT_SCHEMA_AND_DRY_RUN_REVIEW_ONLY_EVIDENCE_ONLY","RISK_MARKED_GIT_REVIEW_ONLY_NOT_CLEARED","EVIDENCE_ONLY_NOT_EXECUTION_NOT_ROUTE_NOT_CLEANUP","7BA811323EDB857D1C1F5E808769C8ED0303CA4FF76415A274881927FFAE1604","7BA811323EDB857D1C1F5E808769C8ED0303CA4FF76415A274881927FFAE1604","True","True","True","False","True","False","False","False","False","False","False","False","False","False","NO","C:\Users\13527\Desktop\123\BUILD_ROOT_DROP_INTAKE_WASHER_SUPPORT_CARD_SCHEMA_AND_DRY_RUN_20260608.ps1"
