"BatchID","TicketID","FileName","StaticDisposition","ContainsCopyItem","ContainsGitCommand","ContainsMoveItem","ContainsRemoveItem","ContainsRenameItem","ContainsStartProcess","ContainsInvokeExpression","RiskClass","ReviewDecision","ExecutionCleared","RouteCleared","CleanupCleared","DoctrinePromotionCleared","ActionNow"
"HSRB-003","RHG-DRY-005","BUILD_ROOT_DROP_INTAKE_WASHER_HELPER_CANDIDATE_OPTION_SET_20260608.ps1","HELPER_CANDIDATE_OPTION_SET_REVIEW_ONLY","False","True","False","False","False","False","False","RISK_MARKED_GIT_REVIEW_ONLY_NOT_CLEARED","EVIDENCE_ONLY_NOT_EXECUTION_NOT_ROUTE_NOT_CLEANUP","False","False","False","False","NO"
"HSRB-003","RHG-DRY-006","BUILD_ROOT_DROP_INTAKE_WASHER_OLD_LOAD_OR_SYSTEM_OPTION_SET_V0_2_20260608.ps1","OLD_LOAD_OR_SYSTEM_OPTION_SET_REVIEW_ONLY","False","True","False","False","False","False","False","RISK_MARKED_GIT_REVIEW_ONLY_NOT_CLEARED","EVIDENCE_ONLY_NOT_EXECUTION_NOT_ROUTE_NOT_CLEANUP","False","False","False","False","NO"
"HSRB-003","RHG-DRY-007","BUILD_ROOT_DROP_INTAKE_WASHER_QUEUE_CLOSEOUT_AND_NEXT_ACTION_CARD_20260608.ps1","QUEUE_CLOSEOUT_AND_NEXT_ACTION_CARD_REVIEW_ONLY","False","True","False","False","False","False","False","RISK_MARKED_GIT_REVIEW_ONLY_NOT_CLEARED","EVIDENCE_ONLY_NOT_EXECUTION_NOT_ROUTE_NOT_CLEANUP","False","False","False","False","NO"
"HSRB-003","RHG-DRY-008","BUILD_ROOT_DROP_INTAKE_WASHER_REVIEW_QUEUE_20260608.ps1","REVIEW_QUEUE_FAMILY_REVIEW_ONLY","False","True","False","False","False","False","False","RISK_MARKED_GIT_REVIEW_ONLY_NOT_CLEARED","EVIDENCE_ONLY_NOT_EXECUTION_NOT_ROUTE_NOT_CLEANUP","False","False","False","False","NO"
"HSRB-003","RHG-DRY-009","BUILD_ROOT_DROP_INTAKE_WASHER_REVIEW_QUEUE_SUMMARY_AND_OPTION_SET_20260608.ps1","REVIEW_QUEUE_FAMILY_REVIEW_ONLY","False","True","False","False","False","False","False","RISK_MARKED_GIT_REVIEW_ONLY_NOT_CLEARED","EVIDENCE_ONLY_NOT_EXECUTION_NOT_ROUTE_NOT_CLEANUP","False","False","False","False","NO"
"HSRB-003","RHG-DRY-010","BUILD_ROOT_DROP_INTAKE_WASHER_SOURCE_AUTHORITY_CANDIDATE_OPTION_SET_20260608.ps1","SOURCE_AUTHORITY_CANDIDATE_OPTION_SET_REVIEW_ONLY","False","True","False","False","False","False","False","RISK_MARKED_GIT_REVIEW_ONLY_NOT_CLEARED","EVIDENCE_ONLY_NOT_EXECUTION_NOT_ROUTE_NOT_CLEANUP","False","False","False","False","NO"
"HSRB-003","RHG-DRY-011","BUILD_ROOT_DROP_INTAKE_WASHER_SUPPORT_CANDIDATE_OPTION_SET_20260608.ps1","SUPPORT_CANDIDATE_OPTION_SET_REVIEW_ONLY","False","True","False","False","False","False","False","RISK_MARKED_GIT_REVIEW_ONLY_NOT_CLEARED","EVIDENCE_ONLY_NOT_EXECUTION_NOT_ROUTE_NOT_CLEANUP","False","False","False","False","NO"
"HSRB-003","RHG-DRY-012","BUILD_ROOT_DROP_INTAKE_WASHER_SUPPORT_CANDIDATE_OPTION_SET_V0_2_20260608.ps1","SUPPORT_CANDIDATE_OPTION_SET_REVIEW_ONLY","True","True","False","False","False","False","False","RISK_MARKED_COPY_AND_GIT_REVIEW_ONLY_NOT_CLEARED","EVIDENCE_ONLY_NOT_EXECUTION_NOT_ROUTE_NOT_CLEANUP","False","False","False","False","NO"
"HSRB-003","RHG-DRY-013","BUILD_ROOT_DROP_INTAKE_WASHER_SUPPORT_CARD_SCHEMA_AND_DRY_RUN_20260608.ps1","SUPPORT_CARD_SCHEMA_AND_DRY_RUN_REVIEW_ONLY","False","True","False","False","False","False","False","RISK_MARKED_GIT_REVIEW_ONLY_NOT_CLEARED","EVIDENCE_ONLY_NOT_EXECUTION_NOT_ROUTE_NOT_CLEANUP","False","False","False","False","NO"
