"QueueType","Name","SourcePath","LivePath","ExpectedSHA256","LiveSHA256","ExpectedSizeBytes","LiveSizeBytes","ExistsInLiveRoot","MissingExpectedSHA256","MissingExpectedSizeBytes","SHA256Changed","SizeChanged","ChangedOrMissing","ProposedBucket","FutureActionOnly","ActionNow","RequiresDryRun","RequiresUserApproval","IsRouteCandidate","IsHoldOrLeave","DerivedDestinationParent","DerivedDestinationPath","DestinationParentExists","DestinationExists","DestinationCollision"
"SCRIPT","BUILD_GENERATED_RUNNER_SAFE_TEMPLATE_RULE_CARD_20260608.ps1","C:\Users\13527\Desktop\123\BUILD_GENERATED_RUNNER_SAFE_TEMPLATE_RULE_CARD_20260608.ps1","C:\Users\13527\Desktop\123\BUILD_GENERATED_RUNNER_SAFE_TEMPLATE_RULE_CARD_20260608.ps1","2B1165E74B2E47ABFA9AE540883AF0DC499117199E0A89E0AAE87B0B6CD31624","2B1165E74B2E47ABFA9AE540883AF0DC499117199E0A89E0AAE87B0B6CD31624","11258","11258","True","False","False","False","False","False","_OLD_LOADS/SCRIPT_RUNNERS/BUILD","FUTURE_ROUTE_AFTER_USER_APPROVAL_AND_DRY_RUN_ONLY","NO","YES","YES","True","False","C:\Users\13527\Desktop\123\_OLD_LOADS\SCRIPT_RUNNERS\BUILD","C:\Users\13527\Desktop\123\_OLD_LOADS\SCRIPT_RUNNERS\BUILD\BUILD_GENERATED_RUNNER_SAFE_TEMPLATE_RULE_CARD_20260608.ps1","False","False","False"
"SCRIPT","BUILD_HELPER_FILE_SURFACE_PREFLIGHT_LANE_CLOSEOUT_CARD_20260608.ps1","C:\Users\13527\Desktop\123\BUILD_HELPER_FILE_SURFACE_PREFLIGHT_LANE_CLOSEOUT_CARD_20260608.ps1","C:\Users\13527\Desktop\123\BUILD_HELPER_FILE_SURFACE_PREFLIGHT_LANE_CLOSEOUT_CARD_20260608.ps1","217A470DE672935AC0ABAA495B81C418DAF7D9C6FD8524E0913E8C3EFC0B352E","217A470DE672935AC0ABAA495B81C418DAF7D9C6FD8524E0913E8C3EFC0B352E","12450","12450","True","False","False","False","False","False","_OLD_LOADS/SCRIPT_RUNNERS/BUILD","FUTURE_ROUTE_AFTER_USER_APPROVAL_AND_DRY_RUN_ONLY","NO","YES","YES","True","False","C:\Users\13527\Desktop\123\_OLD_LOADS\SCRIPT_RUNNERS\BUILD","C:\Users\13527\Desktop\123\_OLD_LOADS\SCRIPT_RUNNERS\BUILD\BUILD_HELPER_FILE_SURFACE_PREFLIGHT_LANE_CLOSEOUT_CARD_20260608.ps1","False","False","False"
"SCRIPT","BUILD_PLANETARY_GATE_HELPER_FILE_SURFACE_PREFLIGHT_CLOSEOUT_OR_NEXT_SELECTOR_20260608.ps1","C:\Users\13527\Desktop\123\BUILD_PLANETARY_GATE_HELPER_FILE_SURFACE_PREFLIGHT_CLOSEOUT_OR_NEXT_SELECTOR_20260608.ps1","C:\Users\13527\Desktop\123\BUILD_PLANETARY_GATE_HELPER_FILE_SURFACE_PREFLIGHT_CLOSEOUT_OR_NEXT_SELECTOR_20260608.ps1","00F9CEF7A13E82E989D341BDBE78C8E72E02D2278B9FBBF8745E73DDA07B00B8","00F9CEF7A13E82E989D341BDBE78C8E72E02D2278B9FBBF8745E73DDA07B00B8","16038","16038","True","False","False","False","False","False","_OLD_LOADS/SCRIPT_RUNNERS/BUILD","FUTURE_ROUTE_AFTER_USER_APPROVAL_AND_DRY_RUN_ONLY","NO","YES","YES","True","False","C:\Users\13527\Desktop\123\_OLD_LOADS\SCRIPT_RUNNERS\BUILD","C:\Users\13527\Desktop\123\_OLD_LOADS\SCRIPT_RUNNERS\BUILD\BUILD_PLANETARY_GATE_HELPER_FILE_SURFACE_PREFLIGHT_CLOSEOUT_OR_NEXT_SELECTOR_20260608.ps1","False","False","False"
"SCRIPT","BUILD_PLANETARY_GATE_NEXT_OBJECT_SELECTOR_FROM_HELPER_FILE_SURFACE_PREFLIGHT_20260608_HEAVY_BOUNDARY.ps1","C:\Users\13527\Desktop\123\BUILD_PLANETARY_GATE_NEXT_OBJECT_SELECTOR_FROM_HELPER_FILE_SURFACE_PREFLIGHT_20260608_HEAVY_BOUNDARY.ps1","C:\Users\13527\Desktop\123\BUILD_PLANETARY_GATE_NEXT_OBJECT_SELECTOR_FROM_HELPER_FILE_SURFACE_PREFLIGHT_20260608_HEAVY_BOUNDARY.ps1","E89506CAA20C61CA656A8938276A7013AE3915D3E7E26D44BE6C45FFDD932628","E89506CAA20C61CA656A8938276A7013AE3915D3E7E26D44BE6C45FFDD932628","12873","12873","True","False","False","False","False","False","_OLD_LOADS/SCRIPT_RUNNERS/BUILD","FUTURE_ROUTE_AFTER_USER_APPROVAL_AND_DRY_RUN_ONLY","NO","YES","YES","True","False","C:\Users\13527\Desktop\123\_OLD_LOADS\SCRIPT_RUNNERS\BUILD","C:\Users\13527\Desktop\123\_OLD_LOADS\SCRIPT_RUNNERS\BUILD\BUILD_PLANETARY_GATE_NEXT_OBJECT_SELECTOR_FROM_HELPER_FILE_SURFACE_PREFLIGHT_20260608_HEAVY_BOUNDARY.ps1","False","False","False"
"SCRIPT","BUILD_ROOT_DROP_INTAKE_WASHER_HELPER_CANDIDATE_OPTION_SET_20260608.ps1","C:\Users\13527\Desktop\123\BUILD_ROOT_DROP_INTAKE_WASHER_HELPER_CANDIDATE_OPTION_SET_20260608.ps1","C:\Users\13527\Desktop\123\BUILD_ROOT_DROP_INTAKE_WASHER_HELPER_CANDIDATE_OPTION_SET_20260608.ps1","978BBF7777416A53B41F5667B0BDB0F3DBB52FC58F6D079D4DC4AFEE3F0BB40C","978BBF7777416A53B41F5667B0BDB0F3DBB52FC58F6D079D4DC4AFEE3F0BB40C","17456","17456","True","False","False","False","False","False","_OLD_LOADS/SCRIPT_RUNNERS/BUILD","FUTURE_ROUTE_AFTER_USER_APPROVAL_AND_DRY_RUN_ONLY","NO","YES","YES","True","False","C:\Users\13527\Desktop\123\_OLD_LOADS\SCRIPT_RUNNERS\BUILD","C:\Users\13527\Desktop\123\_OLD_LOADS\SCRIPT_RUNNERS\BUILD\BUILD_ROOT_DROP_INTAKE_WASHER_HELPER_CANDIDATE_OPTION_SET_20260608.ps1","False","False","False"
"SCRIPT","BUILD_ROOT_DROP_INTAKE_WASHER_OLD_LOAD_OR_SYSTEM_OPTION_SET_V0_2_20260608.ps1","C:\Users\13527\Desktop\123\BUILD_ROOT_DROP_INTAKE_WASHER_OLD_LOAD_OR_SYSTEM_OPTION_SET_V0_2_20260608.ps1","C:\Users\13527\Desktop\123\BUILD_ROOT_DROP_INTAKE_WASHER_OLD_LOAD_OR_SYSTEM_OPTION_SET_V0_2_20260608.ps1","BC8B975998FDE49582AF1D626494274060F657DA88608174C4A020CF002E17FB","BC8B975998FDE49582AF1D626494274060F657DA88608174C4A020CF002E17FB","25278","25278","True","False","False","False","False","False","_OLD_LOADS/SCRIPT_RUNNERS/BUILD","FUTURE_ROUTE_AFTER_USER_APPROVAL_AND_DRY_RUN_ONLY","NO","YES","YES","True","False","C:\Users\13527\Desktop\123\_OLD_LOADS\SCRIPT_RUNNERS\BUILD","C:\Users\13527\Desktop\123\_OLD_LOADS\SCRIPT_RUNNERS\BUILD\BUILD_ROOT_DROP_INTAKE_WASHER_OLD_LOAD_OR_SYSTEM_OPTION_SET_V0_2_20260608.ps1","False","False","False"
"SCRIPT","BUILD_ROOT_DROP_INTAKE_WASHER_QUEUE_CLOSEOUT_AND_NEXT_ACTION_CARD_20260608.ps1","C:\Users\13527\Desktop\123\BUILD_ROOT_DROP_INTAKE_WASHER_QUEUE_CLOSEOUT_AND_NEXT_ACTION_CARD_20260608.ps1","C:\Users\13527\Desktop\123\BUILD_ROOT_DROP_INTAKE_WASHER_QUEUE_CLOSEOUT_AND_NEXT_ACTION_CARD_20260608.ps1","6C6C2CCD07CFBD8AECB58BE5D1B414F62981B4FD3627C4A42BF21B7F8724BBD8","6C6C2CCD07CFBD8AECB58BE5D1B414F62981B4FD3627C4A42BF21B7F8724BBD8","26266","26266","True","False","False","False","False","False","_OLD_LOADS/SCRIPT_RUNNERS/BUILD","FUTURE_ROUTE_AFTER_USER_APPROVAL_AND_DRY_RUN_ONLY","NO","YES","YES","True","False","C:\Users\13527\Desktop\123\_OLD_LOADS\SCRIPT_RUNNERS\BUILD","C:\Users\13527\Desktop\123\_OLD_LOADS\SCRIPT_RUNNERS\BUILD\BUILD_ROOT_DROP_INTAKE_WASHER_QUEUE_CLOSEOUT_AND_NEXT_ACTION_CARD_20260608.ps1","False","False","False"
"SCRIPT","BUILD_ROOT_DROP_INTAKE_WASHER_REVIEW_QUEUE_20260608.ps1","C:\Users\13527\Desktop\123\BUILD_ROOT_DROP_INTAKE_WASHER_REVIEW_QUEUE_20260608.ps1","C:\Users\13527\Desktop\123\BUILD_ROOT_DROP_INTAKE_WASHER_REVIEW_QUEUE_20260608.ps1","46B5C36ED5DD0F81B461D31451BA43FE792E6C108ABAC08C459C31B2D28E70CB","46B5C36ED5DD0F81B461D31451BA43FE792E6C108ABAC08C459C31B2D28E70CB","14741","14741","True","False","False","False","False","False","_OLD_LOADS/SCRIPT_RUNNERS/BUILD","FUTURE_ROUTE_AFTER_USER_APPROVAL_AND_DRY_RUN_ONLY","NO","YES","YES","True","False","C:\Users\13527\Desktop\123\_OLD_LOADS\SCRIPT_RUNNERS\BUILD","C:\Users\13527\Desktop\123\_OLD_LOADS\SCRIPT_RUNNERS\BUILD\BUILD_ROOT_DROP_INTAKE_WASHER_REVIEW_QUEUE_20260608.ps1","False","False","False"
"SCRIPT","BUILD_ROOT_DROP_INTAKE_WASHER_REVIEW_QUEUE_SUMMARY_AND_OPTION_SET_20260608.ps1","C:\Users\13527\Desktop\123\BUILD_ROOT_DROP_INTAKE_WASHER_REVIEW_QUEUE_SUMMARY_AND_OPTION_SET_20260608.ps1","C:\Users\13527\Desktop\123\BUILD_ROOT_DROP_INTAKE_WASHER_REVIEW_QUEUE_SUMMARY_AND_OPTION_SET_20260608.ps1","209B743FA6CE50DA1E5382134BFCFE19DED84C08C04B35817C9ABD83E5FC6A59","209B743FA6CE50DA1E5382134BFCFE19DED84C08C04B35817C9ABD83E5FC6A59","14686","14686","True","False","False","False","False","False","_OLD_LOADS/SCRIPT_RUNNERS/BUILD","FUTURE_ROUTE_AFTER_USER_APPROVAL_AND_DRY_RUN_ONLY","NO","YES","YES","True","False","C:\Users\13527\Desktop\123\_OLD_LOADS\SCRIPT_RUNNERS\BUILD","C:\Users\13527\Desktop\123\_OLD_LOADS\SCRIPT_RUNNERS\BUILD\BUILD_ROOT_DROP_INTAKE_WASHER_REVIEW_QUEUE_SUMMARY_AND_OPTION_SET_20260608.ps1","False","False","False"
"SCRIPT","BUILD_ROOT_DROP_INTAKE_WASHER_SOURCE_AUTHORITY_CANDIDATE_OPTION_SET_20260608.ps1","C:\Users\13527\Desktop\123\BUILD_ROOT_DROP_INTAKE_WASHER_SOURCE_AUTHORITY_CANDIDATE_OPTION_SET_20260608.ps1","C:\Users\13527\Desktop\123\BUILD_ROOT_DROP_INTAKE_WASHER_SOURCE_AUTHORITY_CANDIDATE_OPTION_SET_20260608.ps1","FA00C5CC12E68C932890B6BD79AF051F8710B878553E9C26CE905C56DB902AD4","FA00C5CC12E68C932890B6BD79AF051F8710B878553E9C26CE905C56DB902AD4","15442","15442","True","False","False","False","False","False","_OLD_LOADS/SCRIPT_RUNNERS/BUILD","FUTURE_ROUTE_AFTER_USER_APPROVAL_AND_DRY_RUN_ONLY","NO","YES","YES","True","False","C:\Users\13527\Desktop\123\_OLD_LOADS\SCRIPT_RUNNERS\BUILD","C:\Users\13527\Desktop\123\_OLD_LOADS\SCRIPT_RUNNERS\BUILD\BUILD_ROOT_DROP_INTAKE_WASHER_SOURCE_AUTHORITY_CANDIDATE_OPTION_SET_20260608.ps1","False","False","False"
"SCRIPT","BUILD_ROOT_DROP_INTAKE_WASHER_SUPPORT_CANDIDATE_OPTION_SET_20260608.ps1","C:\Users\13527\Desktop\123\BUILD_ROOT_DROP_INTAKE_WASHER_SUPPORT_CANDIDATE_OPTION_SET_20260608.ps1","C:\Users\13527\Desktop\123\BUILD_ROOT_DROP_INTAKE_WASHER_SUPPORT_CANDIDATE_OPTION_SET_20260608.ps1","4D020C550899629BDDF01B0C493798585C86545167542AB9F4B44DDF861F6813","4D020C550899629BDDF01B0C493798585C86545167542AB9F4B44DDF861F6813","20469","20469","True","False","False","False","False","False","_OLD_LOADS/SCRIPT_RUNNERS/BUILD","FUTURE_ROUTE_AFTER_USER_APPROVAL_AND_DRY_RUN_ONLY","NO","YES","YES","True","False","C:\Users\13527\Desktop\123\_OLD_LOADS\SCRIPT_RUNNERS\BUILD","C:\Users\13527\Desktop\123\_OLD_LOADS\SCRIPT_RUNNERS\BUILD\BUILD_ROOT_DROP_INTAKE_WASHER_SUPPORT_CANDIDATE_OPTION_SET_20260608.ps1","False","False","False"
"SCRIPT","BUILD_ROOT_DROP_INTAKE_WASHER_SUPPORT_CANDIDATE_OPTION_SET_V0_2_20260608.ps1","C:\Users\13527\Desktop\123\BUILD_ROOT_DROP_INTAKE_WASHER_SUPPORT_CANDIDATE_OPTION_SET_V0_2_20260608.ps1","C:\Users\13527\Desktop\123\BUILD_ROOT_DROP_INTAKE_WASHER_SUPPORT_CANDIDATE_OPTION_SET_V0_2_20260608.ps1","B40174F150AC0B698484A4F76A30E7CAD844787F9391D03A02053693983F3AAE","B40174F150AC0B698484A4F76A30E7CAD844787F9391D03A02053693983F3AAE","27520","27520","True","False","False","False","False","False","_OLD_LOADS/SCRIPT_RUNNERS/BUILD","FUTURE_ROUTE_AFTER_USER_APPROVAL_AND_DRY_RUN_ONLY","NO","YES","YES","True","False","C:\Users\13527\Desktop\123\_OLD_LOADS\SCRIPT_RUNNERS\BUILD","C:\Users\13527\Desktop\123\_OLD_LOADS\SCRIPT_RUNNERS\BUILD\BUILD_ROOT_DROP_INTAKE_WASHER_SUPPORT_CANDIDATE_OPTION_SET_V0_2_20260608.ps1","False","False","False"
"SCRIPT","BUILD_ROOT_DROP_INTAKE_WASHER_SUPPORT_CARD_SCHEMA_AND_DRY_RUN_20260608.ps1","C:\Users\13527\Desktop\123\BUILD_ROOT_DROP_INTAKE_WASHER_SUPPORT_CARD_SCHEMA_AND_DRY_RUN_20260608.ps1","C:\Users\13527\Desktop\123\BUILD_ROOT_DROP_INTAKE_WASHER_SUPPORT_CARD_SCHEMA_AND_DRY_RUN_20260608.ps1","7BA811323EDB857D1C1F5E808769C8ED0303CA4FF76415A274881927FFAE1604","7BA811323EDB857D1C1F5E808769C8ED0303CA4FF76415A274881927FFAE1604","12544","12544","True","False","False","False","False","False","_OLD_LOADS/SCRIPT_RUNNERS/BUILD","FUTURE_ROUTE_AFTER_USER_APPROVAL_AND_DRY_RUN_ONLY","NO","YES","YES","True","False","C:\Users\13527\Desktop\123\_OLD_LOADS\SCRIPT_RUNNERS\BUILD","C:\Users\13527\Desktop\123\_OLD_LOADS\SCRIPT_RUNNERS\BUILD\BUILD_ROOT_DROP_INTAKE_WASHER_SUPPORT_CARD_SCHEMA_AND_DRY_RUN_20260608.ps1","False","False","False"
"SCRIPT","BUILD_ROOT_HELD_GROUP_ROUTE_OR_HOLD_DECISION_OPTION_SET_V0_2_20260608_HEAVY_BOUNDARY_STOPLINE_FIX_V0_2.ps1","C:\Users\13527\Desktop\123\BUILD_ROOT_HELD_GROUP_ROUTE_OR_HOLD_DECISION_OPTION_SET_V0_2_20260608_HEAVY_BOUNDARY_STOPLINE_FIX_V0_2.ps1","C:\Users\13527\Desktop\123\BUILD_ROOT_HELD_GROUP_ROUTE_OR_HOLD_DECISION_OPTION_SET_V0_2_20260608_HEAVY_BOUNDARY_STOPLINE_FIX_V0_2.ps1","7951D0625B2E168C4C8F3EDF28570F2E2F3D7D969D78472E466CA9763DC48C3C","7951D0625B2E168C4C8F3EDF28570F2E2F3D7D969D78472E466CA9763DC48C3C","20404","20404","True","False","False","False","False","False","_OLD_LOADS/SCRIPT_RUNNERS/BUILD","FUTURE_ROUTE_AFTER_USER_APPROVAL_AND_DRY_RUN_ONLY","NO","YES","YES","True","False","C:\Users\13527\Desktop\123\_OLD_LOADS\SCRIPT_RUNNERS\BUILD","C:\Users\13527\Desktop\123\_OLD_LOADS\SCRIPT_RUNNERS\BUILD\BUILD_ROOT_HELD_GROUP_ROUTE_OR_HOLD_DECISION_OPTION_SET_V0_2_20260608_HEAVY_BOUNDARY_STOPLINE_FIX_V0_2.ps1","False","False","False"
"SCRIPT","BUILD_ROOT_HELD_GROUP_ROUTE_OR_HOLD_DECISION_OPTION_SET_V0_2_20260608_HEAVY_BOUNDARY_V0_1.ps1","C:\Users\13527\Desktop\123\BUILD_ROOT_HELD_GROUP_ROUTE_OR_HOLD_DECISION_OPTION_SET_V0_2_20260608_HEAVY_BOUNDARY_V0_1.ps1","C:\Users\13527\Desktop\123\BUILD_ROOT_HELD_GROUP_ROUTE_OR_HOLD_DECISION_OPTION_SET_V0_2_20260608_HEAVY_BOUNDARY_V0_1.ps1","31B72B957B3F8DAAB0C7A82174E45EE4F8CB1CB677FF4FBA1694403FA5848F58","31B72B957B3F8DAAB0C7A82174E45EE4F8CB1CB677FF4FBA1694403FA5848F58","20348","20348","True","False","False","False","False","False","_OLD_LOADS/SCRIPT_RUNNERS/BUILD","FUTURE_ROUTE_AFTER_USER_APPROVAL_AND_DRY_RUN_ONLY","NO","YES","YES","True","False","C:\Users\13527\Desktop\123\_OLD_LOADS\SCRIPT_RUNNERS\BUILD","C:\Users\13527\Desktop\123\_OLD_LOADS\SCRIPT_RUNNERS\BUILD\BUILD_ROOT_HELD_GROUP_ROUTE_OR_HOLD_DECISION_OPTION_SET_V0_2_20260608_HEAVY_BOUNDARY_V0_1.ps1","False","False","False"
"SCRIPT","BUILD_ROOT_HELD_GROUP_ROUTE_OR_HOLD_DECISION_READ_ONLY_PREP_CARD_20260608_HEAVY_BOUNDARY.ps1","C:\Users\13527\Desktop\123\BUILD_ROOT_HELD_GROUP_ROUTE_OR_HOLD_DECISION_READ_ONLY_PREP_CARD_20260608_HEAVY_BOUNDARY.ps1","C:\Users\13527\Desktop\123\BUILD_ROOT_HELD_GROUP_ROUTE_OR_HOLD_DECISION_READ_ONLY_PREP_CARD_20260608_HEAVY_BOUNDARY.ps1","FEF55DD8FDB42CC37A3BF4F7210F74CF05B28E8EC86F433856BC13A5BBA8260A","FEF55DD8FDB42CC37A3BF4F7210F74CF05B28E8EC86F433856BC13A5BBA8260A","16397","16397","True","False","False","False","False","False","_OLD_LOADS/SCRIPT_RUNNERS/BUILD","FUTURE_ROUTE_AFTER_USER_APPROVAL_AND_DRY_RUN_ONLY","NO","YES","YES","True","False","C:\Users\13527\Desktop\123\_OLD_LOADS\SCRIPT_RUNNERS\BUILD","C:\Users\13527\Desktop\123\_OLD_LOADS\SCRIPT_RUNNERS\BUILD\BUILD_ROOT_HELD_GROUP_ROUTE_OR_HOLD_DECISION_READ_ONLY_PREP_CARD_20260608_HEAVY_BOUNDARY.ps1","False","False","False"
"SCRIPT","BUILD_ROOT_HELD_GROUP_ROUTE_OR_HOLD_DECISION_READ_ONLY_PREP_CARD_V0_2_WITH_STRESS_BENCH_20260608_HEAVY_BOUNDARY.ps1","C:\Users\13527\Desktop\123\BUILD_ROOT_HELD_GROUP_ROUTE_OR_HOLD_DECISION_READ_ONLY_PREP_CARD_V0_2_WITH_STRESS_BENCH_20260608_HEAVY_BOUNDARY.ps1","C:\Users\13527\Desktop\123\BUILD_ROOT_HELD_GROUP_ROUTE_OR_HOLD_DECISION_READ_ONLY_PREP_CARD_V0_2_WITH_STRESS_BENCH_20260608_HEAVY_BOUNDARY.ps1","CD2FE911BFCFFDDC7BB771DF6AA0A9CAA04D58F1B6CF7B0DE64E13F8F07D927F","CD2FE911BFCFFDDC7BB771DF6AA0A9CAA04D58F1B6CF7B0DE64E13F8F07D927F","24029","24029","True","False","False","False","False","False","_OLD_LOADS/SCRIPT_RUNNERS/BUILD","FUTURE_ROUTE_AFTER_USER_APPROVAL_AND_DRY_RUN_ONLY","NO","YES","YES","True","False","C:\Users\13527\Desktop\123\_OLD_LOADS\SCRIPT_RUNNERS\BUILD","C:\Users\13527\Desktop\123\_OLD_LOADS\SCRIPT_RUNNERS\BUILD\BUILD_ROOT_HELD_GROUP_ROUTE_OR_HOLD_DECISION_READ_ONLY_PREP_CARD_V0_2_WITH_STRESS_BENCH_20260608_HEAVY_BOUNDARY.ps1","False","False","False"
"SCRIPT","BUILD_ROOT_HELD_GROUP_ROUTE_OR_HOLD_DECISION_READ_ONLY_PREP_CARD_V0_2_WITH_STRESS_BENCH_RUNNER_FIX_V0_3_20260608_HEAVY_BOUNDARY.ps1","C:\Users\13527\Desktop\123\BUILD_ROOT_HELD_GROUP_ROUTE_OR_HOLD_DECISION_READ_ONLY_PREP_CARD_V0_2_WITH_STRESS_BENCH_RUNNER_FIX_V0_3_20260608_HEAVY_BOUNDARY.ps1","C:\Users\13527\Desktop\123\BUILD_ROOT_HELD_GROUP_ROUTE_OR_HOLD_DECISION_READ_ONLY_PREP_CARD_V0_2_WITH_STRESS_BENCH_RUNNER_FIX_V0_3_20260608_HEAVY_BOUNDARY.ps1","F72EA2099E6ECFEC026D88117F071E8102A702E3FD5DD38414E144283B80BBE1","F72EA2099E6ECFEC026D88117F071E8102A702E3FD5DD38414E144283B80BBE1","24117","24117","True","False","False","False","False","False","_OLD_LOADS/SCRIPT_RUNNERS/BUILD","FUTURE_ROUTE_AFTER_USER_APPROVAL_AND_DRY_RUN_ONLY","NO","YES","YES","True","False","C:\Users\13527\Desktop\123\_OLD_LOADS\SCRIPT_RUNNERS\BUILD","C:\Users\13527\Desktop\123\_OLD_LOADS\SCRIPT_RUNNERS\BUILD\BUILD_ROOT_HELD_GROUP_ROUTE_OR_HOLD_DECISION_READ_ONLY_PREP_CARD_V0_2_WITH_STRESS_BENCH_RUNNER_FIX_V0_3_20260608_HEAVY_BOUNDARY.ps1","False","False","False"
"SCRIPT","BUILD_ROOT_HELD_GROUP_ROUTE_OR_HOLD_DECISION_READ_ONLY_REVIEW_20260608_HEAVY_BOUNDARY_V0_2.ps1","C:\Users\13527\Desktop\123\BUILD_ROOT_HELD_GROUP_ROUTE_OR_HOLD_DECISION_READ_ONLY_REVIEW_20260608_HEAVY_BOUNDARY_V0_2.ps1","C:\Users\13527\Desktop\123\BUILD_ROOT_HELD_GROUP_ROUTE_OR_HOLD_DECISION_READ_ONLY_REVIEW_20260608_HEAVY_BOUNDARY_V0_2.ps1","E71332938075FFF5B5813162D367A518F1158D36130FCD992F8E46079D21A334","E71332938075FFF5B5813162D367A518F1158D36130FCD992F8E46079D21A334","28717","28717","True","False","False","False","False","False","_OLD_LOADS/SCRIPT_RUNNERS/BUILD","FUTURE_ROUTE_AFTER_USER_APPROVAL_AND_DRY_RUN_ONLY","NO","YES","YES","True","False","C:\Users\13527\Desktop\123\_OLD_LOADS\SCRIPT_RUNNERS\BUILD","C:\Users\13527\Desktop\123\_OLD_LOADS\SCRIPT_RUNNERS\BUILD\BUILD_ROOT_HELD_GROUP_ROUTE_OR_HOLD_DECISION_READ_ONLY_REVIEW_20260608_HEAVY_BOUNDARY_V0_2.ps1","False","False","False"
"SCRIPT","BUILD_ROOT_HELD_GROUP_ROUTE_OR_HOLD_DECISION_READ_ONLY_REVIEW_20260608_HEAVY_BOUNDARY_V0_3.ps1","C:\Users\13527\Desktop\123\BUILD_ROOT_HELD_GROUP_ROUTE_OR_HOLD_DECISION_READ_ONLY_REVIEW_20260608_HEAVY_BOUNDARY_V0_3.ps1","C:\Users\13527\Desktop\123\BUILD_ROOT_HELD_GROUP_ROUTE_OR_HOLD_DECISION_READ_ONLY_REVIEW_20260608_HEAVY_BOUNDARY_V0_3.ps1","ACB8CCB3EB2035610A5E1A47B2F0E29E55CB5F388FEF54A6E3F8CFF5EC1C7F09","ACB8CCB3EB2035610A5E1A47B2F0E29E55CB5F388FEF54A6E3F8CFF5EC1C7F09","28726","28726","True","False","False","False","False","False","_OLD_LOADS/SCRIPT_RUNNERS/BUILD","FUTURE_ROUTE_AFTER_USER_APPROVAL_AND_DRY_RUN_ONLY","NO","YES","YES","True","False","C:\Users\13527\Desktop\123\_OLD_LOADS\SCRIPT_RUNNERS\BUILD","C:\Users\13527\Desktop\123\_OLD_LOADS\SCRIPT_RUNNERS\BUILD\BUILD_ROOT_HELD_GROUP_ROUTE_OR_HOLD_DECISION_READ_ONLY_REVIEW_20260608_HEAVY_BOUNDARY_V0_3.ps1","False","False","False"
"SCRIPT","BUILD_ROOT_HELD_GROUP_ROUTE_OR_HOLD_DECISION_READ_ONLY_REVIEW_20260608_HEAVY_BOUNDARY.ps1","C:\Users\13527\Desktop\123\BUILD_ROOT_HELD_GROUP_ROUTE_OR_HOLD_DECISION_READ_ONLY_REVIEW_20260608_HEAVY_BOUNDARY.ps1","C:\Users\13527\Desktop\123\BUILD_ROOT_HELD_GROUP_ROUTE_OR_HOLD_DECISION_READ_ONLY_REVIEW_20260608_HEAVY_BOUNDARY.ps1","1C83C906A72C9471D28281062D6695F7BAB0D008DCFC732C700F95E87E3DFF8A","1C83C906A72C9471D28281062D6695F7BAB0D008DCFC732C700F95E87E3DFF8A","27807","27807","True","False","False","False","False","False","_OLD_LOADS/SCRIPT_RUNNERS/BUILD","FUTURE_ROUTE_AFTER_USER_APPROVAL_AND_DRY_RUN_ONLY","NO","YES","YES","True","False","C:\Users\13527\Desktop\123\_OLD_LOADS\SCRIPT_RUNNERS\BUILD","C:\Users\13527\Desktop\123\_OLD_LOADS\SCRIPT_RUNNERS\BUILD\BUILD_ROOT_HELD_GROUP_ROUTE_OR_HOLD_DECISION_READ_ONLY_REVIEW_20260608_HEAVY_BOUNDARY.ps1","False","False","False"
"SCRIPT","BUILD_ROOT_HELD_GROUP_ROUTE_OR_HOLD_DECISION_READ_ONLY_REVIEW_V0_2_20260608_HEAVY_BOUNDARY.ps1","C:\Users\13527\Desktop\123\BUILD_ROOT_HELD_GROUP_ROUTE_OR_HOLD_DECISION_READ_ONLY_REVIEW_V0_2_20260608_HEAVY_BOUNDARY.ps1","C:\Users\13527\Desktop\123\BUILD_ROOT_HELD_GROUP_ROUTE_OR_HOLD_DECISION_READ_ONLY_REVIEW_V0_2_20260608_HEAVY_BOUNDARY.ps1","6F10513E2CF9C7E170EE915C74AF342048A18AC1C9ED543F2A9D85768E1D01FB","6F10513E2CF9C7E170EE915C74AF342048A18AC1C9ED543F2A9D85768E1D01FB","32320","32320","True","False","False","False","False","False","_OLD_LOADS/SCRIPT_RUNNERS/BUILD","FUTURE_ROUTE_AFTER_USER_APPROVAL_AND_DRY_RUN_ONLY","NO","YES","YES","True","False","C:\Users\13527\Desktop\123\_OLD_LOADS\SCRIPT_RUNNERS\BUILD","C:\Users\13527\Desktop\123\_OLD_LOADS\SCRIPT_RUNNERS\BUILD\BUILD_ROOT_HELD_GROUP_ROUTE_OR_HOLD_DECISION_READ_ONLY_REVIEW_V0_2_20260608_HEAVY_BOUNDARY.ps1","False","False","False"
"SCRIPT","BUILD_ROOT_HELD_GROUP_SCRIPT_CUSTODY_REVIEW_QUEUE_V0_1_20260608_HEAVY_BOUNDARY_BINDING_FIX_V0_2.ps1","C:\Users\13527\Desktop\123\BUILD_ROOT_HELD_GROUP_SCRIPT_CUSTODY_REVIEW_QUEUE_V0_1_20260608_HEAVY_BOUNDARY_BINDING_FIX_V0_2.ps1","C:\Users\13527\Desktop\123\BUILD_ROOT_HELD_GROUP_SCRIPT_CUSTODY_REVIEW_QUEUE_V0_1_20260608_HEAVY_BOUNDARY_BINDING_FIX_V0_2.ps1","E2D38CDADEA96DAFF5EB2B997FDE7D7C261D17E507472B0D5FCA36D6B40D251C","E2D38CDADEA96DAFF5EB2B997FDE7D7C261D17E507472B0D5FCA36D6B40D251C","27035","27035","True","False","False","False","False","False","HOLD_IN_ROOT_CURRENT_RUNNER_NO_ROUTE","NO_ROUTE_HOLD_CURRENT_RUNNER","NO","NO","YES","False","True","","","False","False","False"
"SCRIPT","BUILD_ROOT_HELD_GROUP_SCRIPT_CUSTODY_REVIEW_QUEUE_V0_1_20260608_HEAVY_BOUNDARY_V0_1.ps1","C:\Users\13527\Desktop\123\BUILD_ROOT_HELD_GROUP_SCRIPT_CUSTODY_REVIEW_QUEUE_V0_1_20260608_HEAVY_BOUNDARY_V0_1.ps1","C:\Users\13527\Desktop\123\BUILD_ROOT_HELD_GROUP_SCRIPT_CUSTODY_REVIEW_QUEUE_V0_1_20260608_HEAVY_BOUNDARY_V0_1.ps1","9D67F89DA9D32D0AD7DEDE9918702A0C63A41DBFD0579263F52FE9D9C30901D8","9D67F89DA9D32D0AD7DEDE9918702A0C63A41DBFD0579263F52FE9D9C30901D8","26916","26916","True","False","False","False","False","False","_OLD_LOADS/SCRIPT_RUNNERS/BUILD","FUTURE_ROUTE_AFTER_USER_APPROVAL_AND_DRY_RUN_ONLY","NO","YES","YES","True","False","C:\Users\13527\Desktop\123\_OLD_LOADS\SCRIPT_RUNNERS\BUILD","C:\Users\13527\Desktop\123\_OLD_LOADS\SCRIPT_RUNNERS\BUILD\BUILD_ROOT_HELD_GROUP_SCRIPT_CUSTODY_REVIEW_QUEUE_V0_1_20260608_HEAVY_BOUNDARY_V0_1.ps1","False","False","False"
"SCRIPT","FIELD_APPLY_GENERATED_RUNNER_SAFE_TEMPLATE_RULE_CARD_20260608.ps1","C:\Users\13527\Desktop\123\FIELD_APPLY_GENERATED_RUNNER_SAFE_TEMPLATE_RULE_CARD_20260608.ps1","C:\Users\13527\Desktop\123\FIELD_APPLY_GENERATED_RUNNER_SAFE_TEMPLATE_RULE_CARD_20260608.ps1","47CB61434C57B35ACF64378C87BD7E6EE7CA7A7A8DC08A18468BFEDD22F3E5EB","47CB61434C57B35ACF64378C87BD7E6EE7CA7A7A8DC08A18468BFEDD22F3E5EB","11057","11057","True","False","False","False","False","False","_OLD_LOADS/SCRIPT_RUNNERS/OTHER","FUTURE_ROUTE_AFTER_USER_APPROVAL_AND_DRY_RUN_ONLY","NO","YES","YES","True","False","C:\Users\13527\Desktop\123\_OLD_LOADS\SCRIPT_RUNNERS\OTHER","C:\Users\13527\Desktop\123\_OLD_LOADS\SCRIPT_RUNNERS\OTHER\FIELD_APPLY_GENERATED_RUNNER_SAFE_TEMPLATE_RULE_CARD_20260608.ps1","False","False","False"
"SCRIPT","FIELD_APPLY_GENERATED_RUNNER_SAFE_TEMPLATE_RULE_CARD_V0_2_20260608.ps1","C:\Users\13527\Desktop\123\FIELD_APPLY_GENERATED_RUNNER_SAFE_TEMPLATE_RULE_CARD_V0_2_20260608.ps1","C:\Users\13527\Desktop\123\FIELD_APPLY_GENERATED_RUNNER_SAFE_TEMPLATE_RULE_CARD_V0_2_20260608.ps1","8EC9358F731D2B79DAC7471D18F02517881E3D0F8356B9F636D429E04743EE02","8EC9358F731D2B79DAC7471D18F02517881E3D0F8356B9F636D429E04743EE02","16899","16899","True","False","False","False","False","False","_OLD_LOADS/SCRIPT_RUNNERS/OTHER","FUTURE_ROUTE_AFTER_USER_APPROVAL_AND_DRY_RUN_ONLY","NO","YES","YES","True","False","C:\Users\13527\Desktop\123\_OLD_LOADS\SCRIPT_RUNNERS\OTHER","C:\Users\13527\Desktop\123\_OLD_LOADS\SCRIPT_RUNNERS\OTHER\FIELD_APPLY_GENERATED_RUNNER_SAFE_TEMPLATE_RULE_CARD_V0_2_20260608.ps1","False","False","False"
"SCRIPT","FIELD_APPLY_GENERATED_RUNNER_SAFE_TEMPLATE_RULE_CARD_V0_3_20260608.ps1","C:\Users\13527\Desktop\123\FIELD_APPLY_GENERATED_RUNNER_SAFE_TEMPLATE_RULE_CARD_V0_3_20260608.ps1","C:\Users\13527\Desktop\123\FIELD_APPLY_GENERATED_RUNNER_SAFE_TEMPLATE_RULE_CARD_V0_3_20260608.ps1","D28EFBA23CD026B667DB17B0A2B48C6533F41F5F313C18BD6AB70A5705CA440A","D28EFBA23CD026B667DB17B0A2B48C6533F41F5F313C18BD6AB70A5705CA440A","20225","20225","True","False","False","False","False","False","_OLD_LOADS/SCRIPT_RUNNERS/OTHER","FUTURE_ROUTE_AFTER_USER_APPROVAL_AND_DRY_RUN_ONLY","NO","YES","YES","True","False","C:\Users\13527\Desktop\123\_OLD_LOADS\SCRIPT_RUNNERS\OTHER","C:\Users\13527\Desktop\123\_OLD_LOADS\SCRIPT_RUNNERS\OTHER\FIELD_APPLY_GENERATED_RUNNER_SAFE_TEMPLATE_RULE_CARD_V0_3_20260608.ps1","False","False","False"
"SCRIPT","FREEZE_GENERATED_RUNNER_DEEP_LAYER_AND_WRITE_SAFE_GIT_RUNNER_20260608.ps1","C:\Users\13527\Desktop\123\FREEZE_GENERATED_RUNNER_DEEP_LAYER_AND_WRITE_SAFE_GIT_RUNNER_20260608.ps1","C:\Users\13527\Desktop\123\FREEZE_GENERATED_RUNNER_DEEP_LAYER_AND_WRITE_SAFE_GIT_RUNNER_20260608.ps1","2382BA97B226FD4B56374C7D6576815C346FE1420177D27CC60F271D60A22514","2382BA97B226FD4B56374C7D6576815C346FE1420177D27CC60F271D60A22514","18746","18746","True","False","False","False","False","False","_OLD_LOADS/SCRIPT_RUNNERS/OTHER","FUTURE_ROUTE_AFTER_USER_APPROVAL_AND_DRY_RUN_ONLY","NO","YES","YES","True","False","C:\Users\13527\Desktop\123\_OLD_LOADS\SCRIPT_RUNNERS\OTHER","C:\Users\13527\Desktop\123\_OLD_LOADS\SCRIPT_RUNNERS\OTHER\FREEZE_GENERATED_RUNNER_DEEP_LAYER_AND_WRITE_SAFE_GIT_RUNNER_20260608.ps1","False","False","False"
"SCRIPT","FREEZE_GIT_SNAPSHOT_NO_WORKTREE_AND_WRITE_FIXED_RUNNER_20260608.ps1","C:\Users\13527\Desktop\123\FREEZE_GIT_SNAPSHOT_NO_WORKTREE_AND_WRITE_FIXED_RUNNER_20260608.ps1","C:\Users\13527\Desktop\123\FREEZE_GIT_SNAPSHOT_NO_WORKTREE_AND_WRITE_FIXED_RUNNER_20260608.ps1","35F243A1B427ABCDD98A84EE34B68D875BD8DFE3FBE12CB40E145F6CB035BC06","35F243A1B427ABCDD98A84EE34B68D875BD8DFE3FBE12CB40E145F6CB035BC06","15873","15873","True","False","False","False","False","False","_OLD_LOADS/SCRIPT_RUNNERS/OTHER","FUTURE_ROUTE_AFTER_USER_APPROVAL_AND_DRY_RUN_ONLY","NO","YES","YES","True","False","C:\Users\13527\Desktop\123\_OLD_LOADS\SCRIPT_RUNNERS\OTHER","C:\Users\13527\Desktop\123\_OLD_LOADS\SCRIPT_RUNNERS\OTHER\FREEZE_GIT_SNAPSHOT_NO_WORKTREE_AND_WRITE_FIXED_RUNNER_20260608.ps1","False","False","False"
"SCRIPT","ROUGH_LOCAL_IMPORT_GENERATED_RUNNER_SAFE_TEMPLATE_RULE_CARD_CHAIN_20260608.ps1","C:\Users\13527\Desktop\123\ROUGH_LOCAL_IMPORT_GENERATED_RUNNER_SAFE_TEMPLATE_RULE_CARD_CHAIN_20260608.ps1","C:\Users\13527\Desktop\123\ROUGH_LOCAL_IMPORT_GENERATED_RUNNER_SAFE_TEMPLATE_RULE_CARD_CHAIN_20260608.ps1","8FE2AB5E9988270652F9E536672E5527C2F779806E021DD42F9BBCAEB4267392","8FE2AB5E9988270652F9E536672E5527C2F779806E021DD42F9BBCAEB4267392","15160","15160","True","False","False","False","False","False","_OLD_LOADS/SCRIPT_RUNNERS/ROUGH_LOCAL_IMPORT","FUTURE_ROUTE_AFTER_USER_APPROVAL_AND_DRY_RUN_ONLY","NO","YES","YES","True","False","C:\Users\13527\Desktop\123\_OLD_LOADS\SCRIPT_RUNNERS\ROUGH_LOCAL_IMPORT","C:\Users\13527\Desktop\123\_OLD_LOADS\SCRIPT_RUNNERS\ROUGH_LOCAL_IMPORT\ROUGH_LOCAL_IMPORT_GENERATED_RUNNER_SAFE_TEMPLATE_RULE_CARD_CHAIN_20260608.ps1","False","False","False"
"SCRIPT","ROUGH_LOCAL_IMPORT_HELPER_FILE_SURFACE_PREFLIGHT_LANE_CLOSEOUT_20260608_HEAVY_BOUNDARY.ps1","C:\Users\13527\Desktop\123\ROUGH_LOCAL_IMPORT_HELPER_FILE_SURFACE_PREFLIGHT_LANE_CLOSEOUT_20260608_HEAVY_BOUNDARY.ps1","C:\Users\13527\Desktop\123\ROUGH_LOCAL_IMPORT_HELPER_FILE_SURFACE_PREFLIGHT_LANE_CLOSEOUT_20260608_HEAVY_BOUNDARY.ps1","8802C73E7027544188ADCB4C960FB4036F1A6FCBB3632893EED627E2E8C23D66","8802C73E7027544188ADCB4C960FB4036F1A6FCBB3632893EED627E2E8C23D66","14542","14542","True","False","False","False","False","False","_OLD_LOADS/SCRIPT_RUNNERS/ROUGH_LOCAL_IMPORT","FUTURE_ROUTE_AFTER_USER_APPROVAL_AND_DRY_RUN_ONLY","NO","YES","YES","True","False","C:\Users\13527\Desktop\123\_OLD_LOADS\SCRIPT_RUNNERS\ROUGH_LOCAL_IMPORT","C:\Users\13527\Desktop\123\_OLD_LOADS\SCRIPT_RUNNERS\ROUGH_LOCAL_IMPORT\ROUGH_LOCAL_IMPORT_HELPER_FILE_SURFACE_PREFLIGHT_LANE_CLOSEOUT_20260608_HEAVY_BOUNDARY.ps1","False","False","False"
"SCRIPT","ROUGH_LOCAL_IMPORT_ROOT_DROP_INTAKE_WASHER_HELPER_CANDIDATE_OPTION_SET_20260608.ps1","C:\Users\13527\Desktop\123\ROUGH_LOCAL_IMPORT_ROOT_DROP_INTAKE_WASHER_HELPER_CANDIDATE_OPTION_SET_20260608.ps1","C:\Users\13527\Desktop\123\ROUGH_LOCAL_IMPORT_ROOT_DROP_INTAKE_WASHER_HELPER_CANDIDATE_OPTION_SET_20260608.ps1","9D0A9CFA4574E0326E7FDD9FA49B26BA5D5F33DDCDF2953F13C5E5B0BAE3A9EA","9D0A9CFA4574E0326E7FDD9FA49B26BA5D5F33DDCDF2953F13C5E5B0BAE3A9EA","14989","14989","True","False","False","False","False","False","_OLD_LOADS/SCRIPT_RUNNERS/ROUGH_LOCAL_IMPORT","FUTURE_ROUTE_AFTER_USER_APPROVAL_AND_DRY_RUN_ONLY","NO","YES","YES","True","False","C:\Users\13527\Desktop\123\_OLD_LOADS\SCRIPT_RUNNERS\ROUGH_LOCAL_IMPORT","C:\Users\13527\Desktop\123\_OLD_LOADS\SCRIPT_RUNNERS\ROUGH_LOCAL_IMPORT\ROUGH_LOCAL_IMPORT_ROOT_DROP_INTAKE_WASHER_HELPER_CANDIDATE_OPTION_SET_20260608.ps1","False","False","False"
"SCRIPT","ROUGH_LOCAL_IMPORT_ROOT_DROP_INTAKE_WASHER_OLD_LOAD_OR_SYSTEM_OPTION_SET_V0_2_20260608.ps1","C:\Users\13527\Desktop\123\ROUGH_LOCAL_IMPORT_ROOT_DROP_INTAKE_WASHER_OLD_LOAD_OR_SYSTEM_OPTION_SET_V0_2_20260608.ps1","C:\Users\13527\Desktop\123\ROUGH_LOCAL_IMPORT_ROOT_DROP_INTAKE_WASHER_OLD_LOAD_OR_SYSTEM_OPTION_SET_V0_2_20260608.ps1","73D1A1CE5F20981C27D14646A8973E88E8327780C355E7ED3708ACDC52D77E66","73D1A1CE5F20981C27D14646A8973E88E8327780C355E7ED3708ACDC52D77E66","19861","19861","True","False","False","False","False","False","_OLD_LOADS/SCRIPT_RUNNERS/ROUGH_LOCAL_IMPORT","FUTURE_ROUTE_AFTER_USER_APPROVAL_AND_DRY_RUN_ONLY","NO","YES","YES","True","False","C:\Users\13527\Desktop\123\_OLD_LOADS\SCRIPT_RUNNERS\ROUGH_LOCAL_IMPORT","C:\Users\13527\Desktop\123\_OLD_LOADS\SCRIPT_RUNNERS\ROUGH_LOCAL_IMPORT\ROUGH_LOCAL_IMPORT_ROOT_DROP_INTAKE_WASHER_OLD_LOAD_OR_SYSTEM_OPTION_SET_V0_2_20260608.ps1","False","False","False"
"SCRIPT","ROUGH_LOCAL_IMPORT_ROOT_DROP_INTAKE_WASHER_QUEUE_CLOSEOUT_20260608.ps1","C:\Users\13527\Desktop\123\ROUGH_LOCAL_IMPORT_ROOT_DROP_INTAKE_WASHER_QUEUE_CLOSEOUT_20260608.ps1","C:\Users\13527\Desktop\123\ROUGH_LOCAL_IMPORT_ROOT_DROP_INTAKE_WASHER_QUEUE_CLOSEOUT_20260608.ps1","1FD33AB93FA7108DE6019ACDA6AA37D8C7307AC9452FC53EF4836174DB398E26","1FD33AB93FA7108DE6019ACDA6AA37D8C7307AC9452FC53EF4836174DB398E26","18057","18057","True","False","False","False","False","False","_OLD_LOADS/SCRIPT_RUNNERS/ROUGH_LOCAL_IMPORT","FUTURE_ROUTE_AFTER_USER_APPROVAL_AND_DRY_RUN_ONLY","NO","YES","YES","True","False","C:\Users\13527\Desktop\123\_OLD_LOADS\SCRIPT_RUNNERS\ROUGH_LOCAL_IMPORT","C:\Users\13527\Desktop\123\_OLD_LOADS\SCRIPT_RUNNERS\ROUGH_LOCAL_IMPORT\ROUGH_LOCAL_IMPORT_ROOT_DROP_INTAKE_WASHER_QUEUE_CLOSEOUT_20260608.ps1","False","False","False"
"SCRIPT","ROUGH_LOCAL_IMPORT_ROOT_DROP_INTAKE_WASHER_SOURCE_AUTHORITY_CANDIDATE_OPTION_SET_20260608.ps1","C:\Users\13527\Desktop\123\ROUGH_LOCAL_IMPORT_ROOT_DROP_INTAKE_WASHER_SOURCE_AUTHORITY_CANDIDATE_OPTION_SET_20260608.ps1","C:\Users\13527\Desktop\123\ROUGH_LOCAL_IMPORT_ROOT_DROP_INTAKE_WASHER_SOURCE_AUTHORITY_CANDIDATE_OPTION_SET_20260608.ps1","A82E3EE971BA0B849D4DDE728D87B579DB598B601B3346E54D52BCB9D4308006","A82E3EE971BA0B849D4DDE728D87B579DB598B601B3346E54D52BCB9D4308006","16559","16559","True","False","False","False","False","False","_OLD_LOADS/SCRIPT_RUNNERS/ROUGH_LOCAL_IMPORT","FUTURE_ROUTE_AFTER_USER_APPROVAL_AND_DRY_RUN_ONLY","NO","YES","YES","True","False","C:\Users\13527\Desktop\123\_OLD_LOADS\SCRIPT_RUNNERS\ROUGH_LOCAL_IMPORT","C:\Users\13527\Desktop\123\_OLD_LOADS\SCRIPT_RUNNERS\ROUGH_LOCAL_IMPORT\ROUGH_LOCAL_IMPORT_ROOT_DROP_INTAKE_WASHER_SOURCE_AUTHORITY_CANDIDATE_OPTION_SET_20260608.ps1","False","False","False"
"SCRIPT","ROUGH_LOCAL_IMPORT_ROOT_DROP_INTAKE_WASHER_SUPPORT_CANDIDATE_OPTION_SET_V0_2_20260608.ps1","C:\Users\13527\Desktop\123\ROUGH_LOCAL_IMPORT_ROOT_DROP_INTAKE_WASHER_SUPPORT_CANDIDATE_OPTION_SET_V0_2_20260608.ps1","C:\Users\13527\Desktop\123\ROUGH_LOCAL_IMPORT_ROOT_DROP_INTAKE_WASHER_SUPPORT_CANDIDATE_OPTION_SET_V0_2_20260608.ps1","05C58FBA77B1300A9C10FC8E9A8AD31AC613C61C1138E1D16E202E51207800B8","05C58FBA77B1300A9C10FC8E9A8AD31AC613C61C1138E1D16E202E51207800B8","18632","18632","True","False","False","False","False","False","_OLD_LOADS/SCRIPT_RUNNERS/ROUGH_LOCAL_IMPORT","FUTURE_ROUTE_AFTER_USER_APPROVAL_AND_DRY_RUN_ONLY","NO","YES","YES","True","False","C:\Users\13527\Desktop\123\_OLD_LOADS\SCRIPT_RUNNERS\ROUGH_LOCAL_IMPORT","C:\Users\13527\Desktop\123\_OLD_LOADS\SCRIPT_RUNNERS\ROUGH_LOCAL_IMPORT\ROUGH_LOCAL_IMPORT_ROOT_DROP_INTAKE_WASHER_SUPPORT_CANDIDATE_OPTION_SET_V0_2_20260608.ps1","False","False","False"
"SCRIPT","ROUGH_LOCAL_IMPORT_ROOT_DROP_INTAKE_WASHER_SUPPORT_CARD_SCHEMA_CHAIN_20260608.ps1","C:\Users\13527\Desktop\123\ROUGH_LOCAL_IMPORT_ROOT_DROP_INTAKE_WASHER_SUPPORT_CARD_SCHEMA_CHAIN_20260608.ps1","C:\Users\13527\Desktop\123\ROUGH_LOCAL_IMPORT_ROOT_DROP_INTAKE_WASHER_SUPPORT_CARD_SCHEMA_CHAIN_20260608.ps1","53FB0E7C5B82476E94FDD19AB1361912F2B3798BE1DDE5CCBC7A69416AE4176E","53FB0E7C5B82476E94FDD19AB1361912F2B3798BE1DDE5CCBC7A69416AE4176E","15266","15266","True","False","False","False","False","False","_OLD_LOADS/SCRIPT_RUNNERS/ROUGH_LOCAL_IMPORT","FUTURE_ROUTE_AFTER_USER_APPROVAL_AND_DRY_RUN_ONLY","NO","YES","YES","True","False","C:\Users\13527\Desktop\123\_OLD_LOADS\SCRIPT_RUNNERS\ROUGH_LOCAL_IMPORT","C:\Users\13527\Desktop\123\_OLD_LOADS\SCRIPT_RUNNERS\ROUGH_LOCAL_IMPORT\ROUGH_LOCAL_IMPORT_ROOT_DROP_INTAKE_WASHER_SUPPORT_CARD_SCHEMA_CHAIN_20260608.ps1","False","False","False"
"SCRIPT","ROUGH_LOCAL_IMPORT_ROOT_HELD_GROUP_OPTION_SET_V0_2_20260608_HEAVY_BOUNDARY_SIGNAL_FIX_V0_2.ps1","C:\Users\13527\Desktop\123\ROUGH_LOCAL_IMPORT_ROOT_HELD_GROUP_OPTION_SET_V0_2_20260608_HEAVY_BOUNDARY_SIGNAL_FIX_V0_2.ps1","C:\Users\13527\Desktop\123\ROUGH_LOCAL_IMPORT_ROOT_HELD_GROUP_OPTION_SET_V0_2_20260608_HEAVY_BOUNDARY_SIGNAL_FIX_V0_2.ps1","5756AA7D2DFEAA02B807796557BDDB111F47788B30B09C79733266D59EDA6DC3","5756AA7D2DFEAA02B807796557BDDB111F47788B30B09C79733266D59EDA6DC3","18051","18051","True","False","False","False","False","False","_OLD_LOADS/SCRIPT_RUNNERS/ROUGH_LOCAL_IMPORT","FUTURE_ROUTE_AFTER_USER_APPROVAL_AND_DRY_RUN_ONLY","NO","YES","YES","True","False","C:\Users\13527\Desktop\123\_OLD_LOADS\SCRIPT_RUNNERS\ROUGH_LOCAL_IMPORT","C:\Users\13527\Desktop\123\_OLD_LOADS\SCRIPT_RUNNERS\ROUGH_LOCAL_IMPORT\ROUGH_LOCAL_IMPORT_ROOT_HELD_GROUP_OPTION_SET_V0_2_20260608_HEAVY_BOUNDARY_SIGNAL_FIX_V0_2.ps1","False","False","False"
"SCRIPT","ROUGH_LOCAL_IMPORT_ROOT_HELD_GROUP_OPTION_SET_V0_2_20260608_HEAVY_BOUNDARY_V0_1.ps1","C:\Users\13527\Desktop\123\ROUGH_LOCAL_IMPORT_ROOT_HELD_GROUP_OPTION_SET_V0_2_20260608_HEAVY_BOUNDARY_V0_1.ps1","C:\Users\13527\Desktop\123\ROUGH_LOCAL_IMPORT_ROOT_HELD_GROUP_OPTION_SET_V0_2_20260608_HEAVY_BOUNDARY_V0_1.ps1","396CF0970ED253757DA5A711B47ABCB74A0D3FCDD62A7957C4CCD88DC025EA1A","396CF0970ED253757DA5A711B47ABCB74A0D3FCDD62A7957C4CCD88DC025EA1A","18060","18060","True","False","False","False","False","False","_OLD_LOADS/SCRIPT_RUNNERS/ROUGH_LOCAL_IMPORT","FUTURE_ROUTE_AFTER_USER_APPROVAL_AND_DRY_RUN_ONLY","NO","YES","YES","True","False","C:\Users\13527\Desktop\123\_OLD_LOADS\SCRIPT_RUNNERS\ROUGH_LOCAL_IMPORT","C:\Users\13527\Desktop\123\_OLD_LOADS\SCRIPT_RUNNERS\ROUGH_LOCAL_IMPORT\ROUGH_LOCAL_IMPORT_ROOT_HELD_GROUP_OPTION_SET_V0_2_20260608_HEAVY_BOUNDARY_V0_1.ps1","False","False","False"
"SCRIPT","ROUGH_LOCAL_IMPORT_ROOT_HELD_GROUP_READ_ONLY_PREP_CARD_V0_2_WITH_STRESS_BENCH_20260608_HEAVY_BOUNDARY.ps1","C:\Users\13527\Desktop\123\ROUGH_LOCAL_IMPORT_ROOT_HELD_GROUP_READ_ONLY_PREP_CARD_V0_2_WITH_STRESS_BENCH_20260608_HEAVY_BOUNDARY.ps1","C:\Users\13527\Desktop\123\ROUGH_LOCAL_IMPORT_ROOT_HELD_GROUP_READ_ONLY_PREP_CARD_V0_2_WITH_STRESS_BENCH_20260608_HEAVY_BOUNDARY.ps1","4FDD88D78DEC35114ED1C160435A674CC0080F97F3340079EA00A2A07FAE6CE8","4FDD88D78DEC35114ED1C160435A674CC0080F97F3340079EA00A2A07FAE6CE8","17216","17216","True","False","False","False","False","False","_OLD_LOADS/SCRIPT_RUNNERS/ROUGH_LOCAL_IMPORT","FUTURE_ROUTE_AFTER_USER_APPROVAL_AND_DRY_RUN_ONLY","NO","YES","YES","True","False","C:\Users\13527\Desktop\123\_OLD_LOADS\SCRIPT_RUNNERS\ROUGH_LOCAL_IMPORT","C:\Users\13527\Desktop\123\_OLD_LOADS\SCRIPT_RUNNERS\ROUGH_LOCAL_IMPORT\ROUGH_LOCAL_IMPORT_ROOT_HELD_GROUP_READ_ONLY_PREP_CARD_V0_2_WITH_STRESS_BENCH_20260608_HEAVY_BOUNDARY.ps1","False","False","False"
"SCRIPT","ROUGH_LOCAL_IMPORT_ROOT_HELD_GROUP_READ_ONLY_PREP_CARD_V0_2_WITH_STRESS_BENCH_SIGNAL_FIX_V0_2_20260608_HEAVY_BOUNDARY.ps1","C:\Users\13527\Desktop\123\ROUGH_LOCAL_IMPORT_ROOT_HELD_GROUP_READ_ONLY_PREP_CARD_V0_2_WITH_STRESS_BENCH_SIGNAL_FIX_V0_2_20260608_HEAVY_BOUNDARY.ps1","C:\Users\13527\Desktop\123\ROUGH_LOCAL_IMPORT_ROOT_HELD_GROUP_READ_ONLY_PREP_CARD_V0_2_WITH_STRESS_BENCH_SIGNAL_FIX_V0_2_20260608_HEAVY_BOUNDARY.ps1","5E59A756A1429325DE9E1A175EBADC539AD0C7539CC1B43C539062621FC56D60","5E59A756A1429325DE9E1A175EBADC539AD0C7539CC1B43C539062621FC56D60","17220","17220","True","False","False","False","False","False","_OLD_LOADS/SCRIPT_RUNNERS/ROUGH_LOCAL_IMPORT","FUTURE_ROUTE_AFTER_USER_APPROVAL_AND_DRY_RUN_ONLY","NO","YES","YES","True","False","C:\Users\13527\Desktop\123\_OLD_LOADS\SCRIPT_RUNNERS\ROUGH_LOCAL_IMPORT","C:\Users\13527\Desktop\123\_OLD_LOADS\SCRIPT_RUNNERS\ROUGH_LOCAL_IMPORT\ROUGH_LOCAL_IMPORT_ROOT_HELD_GROUP_READ_ONLY_PREP_CARD_V0_2_WITH_STRESS_BENCH_SIGNAL_FIX_V0_2_20260608_HEAVY_BOUNDARY.ps1","False","False","False"
"SCRIPT","ROUGH_LOCAL_IMPORT_ROOT_HELD_GROUP_READ_ONLY_REVIEW_V0_2_20260608_HEAVY_BOUNDARY_V0_1.ps1","C:\Users\13527\Desktop\123\ROUGH_LOCAL_IMPORT_ROOT_HELD_GROUP_READ_ONLY_REVIEW_V0_2_20260608_HEAVY_BOUNDARY_V0_1.ps1","C:\Users\13527\Desktop\123\ROUGH_LOCAL_IMPORT_ROOT_HELD_GROUP_READ_ONLY_REVIEW_V0_2_20260608_HEAVY_BOUNDARY_V0_1.ps1","2AF8F4FF02FE6C1D7FE2A55A69EF9E1E6627CC5B099AFAD599AF9CF685A8831C","2AF8F4FF02FE6C1D7FE2A55A69EF9E1E6627CC5B099AFAD599AF9CF685A8831C","19320","19320","True","False","False","False","False","False","_OLD_LOADS/SCRIPT_RUNNERS/ROUGH_LOCAL_IMPORT","FUTURE_ROUTE_AFTER_USER_APPROVAL_AND_DRY_RUN_ONLY","NO","YES","YES","True","False","C:\Users\13527\Desktop\123\_OLD_LOADS\SCRIPT_RUNNERS\ROUGH_LOCAL_IMPORT","C:\Users\13527\Desktop\123\_OLD_LOADS\SCRIPT_RUNNERS\ROUGH_LOCAL_IMPORT\ROUGH_LOCAL_IMPORT_ROOT_HELD_GROUP_READ_ONLY_REVIEW_V0_2_20260608_HEAVY_BOUNDARY_V0_1.ps1","False","False","False"
"SCRIPT","ROUGH_LOCAL_IMPORT_ROOT_HELD_GROUP_ROUTE_OR_HOLD_DECISION_READ_ONLY_PREP_CARD_20260608_HEAVY_BOUNDARY.ps1","C:\Users\13527\Desktop\123\ROUGH_LOCAL_IMPORT_ROOT_HELD_GROUP_ROUTE_OR_HOLD_DECISION_READ_ONLY_PREP_CARD_20260608_HEAVY_BOUNDARY.ps1","C:\Users\13527\Desktop\123\ROUGH_LOCAL_IMPORT_ROOT_HELD_GROUP_ROUTE_OR_HOLD_DECISION_READ_ONLY_PREP_CARD_20260608_HEAVY_BOUNDARY.ps1","084F491FCEA11715DF81F792AC3C88A59A7AA516B03F2351A59286AE27A2FE7A","084F491FCEA11715DF81F792AC3C88A59A7AA516B03F2351A59286AE27A2FE7A","15907","15907","True","False","False","False","False","False","_OLD_LOADS/SCRIPT_RUNNERS/ROUGH_LOCAL_IMPORT","FUTURE_ROUTE_AFTER_USER_APPROVAL_AND_DRY_RUN_ONLY","NO","YES","YES","True","False","C:\Users\13527\Desktop\123\_OLD_LOADS\SCRIPT_RUNNERS\ROUGH_LOCAL_IMPORT","C:\Users\13527\Desktop\123\_OLD_LOADS\SCRIPT_RUNNERS\ROUGH_LOCAL_IMPORT\ROUGH_LOCAL_IMPORT_ROOT_HELD_GROUP_ROUTE_OR_HOLD_DECISION_READ_ONLY_PREP_CARD_20260608_HEAVY_BOUNDARY.ps1","False","False","False"
"SCRIPT","RUN_ROOT_DROP_INTAKE_WASHER_HELPER_CANDIDATE_REVIEW_DRY_RUN_20260608.ps1","C:\Users\13527\Desktop\123\RUN_ROOT_DROP_INTAKE_WASHER_HELPER_CANDIDATE_REVIEW_DRY_RUN_20260608.ps1","C:\Users\13527\Desktop\123\RUN_ROOT_DROP_INTAKE_WASHER_HELPER_CANDIDATE_REVIEW_DRY_RUN_20260608.ps1","83791046F39790C1C36971EA14E6E60BB9B33E03F615C5B4F4EB20C56DFB18A3","83791046F39790C1C36971EA14E6E60BB9B33E03F615C5B4F4EB20C56DFB18A3","20257","20257","True","False","False","False","False","False","_OLD_LOADS/SCRIPT_RUNNERS/RUNNER","FUTURE_ROUTE_AFTER_USER_APPROVAL_AND_DRY_RUN_ONLY","NO","YES","YES","True","False","C:\Users\13527\Desktop\123\_OLD_LOADS\SCRIPT_RUNNERS\RUNNER","C:\Users\13527\Desktop\123\_OLD_LOADS\SCRIPT_RUNNERS\RUNNER\RUN_ROOT_DROP_INTAKE_WASHER_HELPER_CANDIDATE_REVIEW_DRY_RUN_20260608.ps1","False","False","False"
"SCRIPT","RUN_ROOT_DROP_INTAKE_WASHER_MULTI_FILE_FIELD_TEST_20260608.ps1","C:\Users\13527\Desktop\123\RUN_ROOT_DROP_INTAKE_WASHER_MULTI_FILE_FIELD_TEST_20260608.ps1","C:\Users\13527\Desktop\123\RUN_ROOT_DROP_INTAKE_WASHER_MULTI_FILE_FIELD_TEST_20260608.ps1","1F50E5F00FF19C112D49189BEF46E175E8862B9F32EADA665F93B8A85368D162","1F50E5F00FF19C112D49189BEF46E175E8862B9F32EADA665F93B8A85368D162","17591","17591","True","False","False","False","False","False","_OLD_LOADS/SCRIPT_RUNNERS/RUNNER","FUTURE_ROUTE_AFTER_USER_APPROVAL_AND_DRY_RUN_ONLY","NO","YES","YES","True","False","C:\Users\13527\Desktop\123\_OLD_LOADS\SCRIPT_RUNNERS\RUNNER","C:\Users\13527\Desktop\123\_OLD_LOADS\SCRIPT_RUNNERS\RUNNER\RUN_ROOT_DROP_INTAKE_WASHER_MULTI_FILE_FIELD_TEST_20260608.ps1","False","False","False"
"SCRIPT","RUN_ROOT_DROP_INTAKE_WASHER_OLD_LOAD_OR_SYSTEM_REVIEW_DRY_RUN_20260608.ps1","C:\Users\13527\Desktop\123\RUN_ROOT_DROP_INTAKE_WASHER_OLD_LOAD_OR_SYSTEM_REVIEW_DRY_RUN_20260608.ps1","C:\Users\13527\Desktop\123\RUN_ROOT_DROP_INTAKE_WASHER_OLD_LOAD_OR_SYSTEM_REVIEW_DRY_RUN_20260608.ps1","426B6E5CDE9BFC779F5CE19BBD9D3AC4775430866EB499B0D1B00633B7F164A2","426B6E5CDE9BFC779F5CE19BBD9D3AC4775430866EB499B0D1B00633B7F164A2","23515","23515","True","False","False","False","False","False","_OLD_LOADS/SCRIPT_RUNNERS/RUNNER","FUTURE_ROUTE_AFTER_USER_APPROVAL_AND_DRY_RUN_ONLY","NO","YES","YES","True","False","C:\Users\13527\Desktop\123\_OLD_LOADS\SCRIPT_RUNNERS\RUNNER","C:\Users\13527\Desktop\123\_OLD_LOADS\SCRIPT_RUNNERS\RUNNER\RUN_ROOT_DROP_INTAKE_WASHER_OLD_LOAD_OR_SYSTEM_REVIEW_DRY_RUN_20260608.ps1","False","False","False"
"SCRIPT","RUN_ROOT_DROP_INTAKE_WASHER_OLD_LOAD_OR_SYSTEM_REVIEW_DRY_RUN_V0_2_20260608.ps1","C:\Users\13527\Desktop\123\RUN_ROOT_DROP_INTAKE_WASHER_OLD_LOAD_OR_SYSTEM_REVIEW_DRY_RUN_V0_2_20260608.ps1","C:\Users\13527\Desktop\123\RUN_ROOT_DROP_INTAKE_WASHER_OLD_LOAD_OR_SYSTEM_REVIEW_DRY_RUN_V0_2_20260608.ps1","4ED1D3AFD0597C3A998CD97C48B98B2449355CF2C579A6177346818C9CE422BD","4ED1D3AFD0597C3A998CD97C48B98B2449355CF2C579A6177346818C9CE422BD","33100","33100","True","False","False","False","False","False","_OLD_LOADS/SCRIPT_RUNNERS/RUNNER","FUTURE_ROUTE_AFTER_USER_APPROVAL_AND_DRY_RUN_ONLY","NO","YES","YES","True","False","C:\Users\13527\Desktop\123\_OLD_LOADS\SCRIPT_RUNNERS\RUNNER","C:\Users\13527\Desktop\123\_OLD_LOADS\SCRIPT_RUNNERS\RUNNER\RUN_ROOT_DROP_INTAKE_WASHER_OLD_LOAD_OR_SYSTEM_REVIEW_DRY_RUN_V0_2_20260608.ps1","False","False","False"
"SCRIPT","RUN_ROOT_DROP_INTAKE_WASHER_SOURCE_AUTHORITY_CANDIDATE_REVIEW_DRY_RUN_20260608.ps1","C:\Users\13527\Desktop\123\RUN_ROOT_DROP_INTAKE_WASHER_SOURCE_AUTHORITY_CANDIDATE_REVIEW_DRY_RUN_20260608.ps1","C:\Users\13527\Desktop\123\RUN_ROOT_DROP_INTAKE_WASHER_SOURCE_AUTHORITY_CANDIDATE_REVIEW_DRY_RUN_20260608.ps1","D9256F22E0813AF008F536CCC6F3A794B79BAD2500FBD4289D80AD5C777B42CD","D9256F22E0813AF008F536CCC6F3A794B79BAD2500FBD4289D80AD5C777B42CD","20464","20464","True","False","False","False","False","False","_OLD_LOADS/SCRIPT_RUNNERS/RUNNER","FUTURE_ROUTE_AFTER_USER_APPROVAL_AND_DRY_RUN_ONLY","NO","YES","YES","True","False","C:\Users\13527\Desktop\123\_OLD_LOADS\SCRIPT_RUNNERS\RUNNER","C:\Users\13527\Desktop\123\_OLD_LOADS\SCRIPT_RUNNERS\RUNNER\RUN_ROOT_DROP_INTAKE_WASHER_SOURCE_AUTHORITY_CANDIDATE_REVIEW_DRY_RUN_20260608.ps1","False","False","False"
"SCRIPT","RUN_ROOT_DROP_INTAKE_WASHER_SUPPORT_CANDIDATE_REVIEW_DRY_RUN_20260608.ps1","C:\Users\13527\Desktop\123\RUN_ROOT_DROP_INTAKE_WASHER_SUPPORT_CANDIDATE_REVIEW_DRY_RUN_20260608.ps1","C:\Users\13527\Desktop\123\RUN_ROOT_DROP_INTAKE_WASHER_SUPPORT_CANDIDATE_REVIEW_DRY_RUN_20260608.ps1","DB2A100E8ACBD0EC95E525F706C8A710A865998ED7862268C06D5E966E746B16","DB2A100E8ACBD0EC95E525F706C8A710A865998ED7862268C06D5E966E746B16","22410","22410","True","False","False","False","False","False","_OLD_LOADS/SCRIPT_RUNNERS/RUNNER","FUTURE_ROUTE_AFTER_USER_APPROVAL_AND_DRY_RUN_ONLY","NO","YES","YES","True","False","C:\Users\13527\Desktop\123\_OLD_LOADS\SCRIPT_RUNNERS\RUNNER","C:\Users\13527\Desktop\123\_OLD_LOADS\SCRIPT_RUNNERS\RUNNER\RUN_ROOT_DROP_INTAKE_WASHER_SUPPORT_CANDIDATE_REVIEW_DRY_RUN_20260608.ps1","False","False","False"
"SCRIPT","RUN_SELECTOR_FIELD_TEST_FOR_GENERATED_RUNNER_DEFECT_FAMILY_20260608.ps1","C:\Users\13527\Desktop\123\RUN_SELECTOR_FIELD_TEST_FOR_GENERATED_RUNNER_DEFECT_FAMILY_20260608.ps1","C:\Users\13527\Desktop\123\RUN_SELECTOR_FIELD_TEST_FOR_GENERATED_RUNNER_DEFECT_FAMILY_20260608.ps1","215D4AA6E47A6552EB28FF4A7DC641B02DA9F78D8FD171F704CDD1E2C91A41E2","215D4AA6E47A6552EB28FF4A7DC641B02DA9F78D8FD171F704CDD1E2C91A41E2","16018","16018","True","False","False","False","False","False","_OLD_LOADS/SCRIPT_RUNNERS/RUNNER","FUTURE_ROUTE_AFTER_USER_APPROVAL_AND_DRY_RUN_ONLY","NO","YES","YES","True","False","C:\Users\13527\Desktop\123\_OLD_LOADS\SCRIPT_RUNNERS\RUNNER","C:\Users\13527\Desktop\123\_OLD_LOADS\SCRIPT_RUNNERS\RUNNER\RUN_SELECTOR_FIELD_TEST_FOR_GENERATED_RUNNER_DEFECT_FAMILY_20260608.ps1","False","False","False"
"SCRIPT","RUN_SELECTOR_FIELD_TEST_FOR_ROOT_DROP_INTAKE_WASHER_GATE_RULE_20260608.ps1","C:\Users\13527\Desktop\123\RUN_SELECTOR_FIELD_TEST_FOR_ROOT_DROP_INTAKE_WASHER_GATE_RULE_20260608.ps1","C:\Users\13527\Desktop\123\RUN_SELECTOR_FIELD_TEST_FOR_ROOT_DROP_INTAKE_WASHER_GATE_RULE_20260608.ps1","574357FE131634EDA6BA970563AEFDFC492746B739D49E27A87BBC8B73246D94","574357FE131634EDA6BA970563AEFDFC492746B739D49E27A87BBC8B73246D94","17487","17487","True","False","False","False","False","False","_OLD_LOADS/SCRIPT_RUNNERS/RUNNER","FUTURE_ROUTE_AFTER_USER_APPROVAL_AND_DRY_RUN_ONLY","NO","YES","YES","True","False","C:\Users\13527\Desktop\123\_OLD_LOADS\SCRIPT_RUNNERS\RUNNER","C:\Users\13527\Desktop\123\_OLD_LOADS\SCRIPT_RUNNERS\RUNNER\RUN_SELECTOR_FIELD_TEST_FOR_ROOT_DROP_INTAKE_WASHER_GATE_RULE_20260608.ps1","False","False","False"
"SCRIPT","RUN_SELECTOR_FIELD_TEST_PACKET_FOR_POWERSHELL_HELPER_FILES_20260608.ps1","C:\Users\13527\Desktop\123\RUN_SELECTOR_FIELD_TEST_PACKET_FOR_POWERSHELL_HELPER_FILES_20260608.ps1","C:\Users\13527\Desktop\123\RUN_SELECTOR_FIELD_TEST_PACKET_FOR_POWERSHELL_HELPER_FILES_20260608.ps1","AA773E18BD60BAA9B0D4C27C8336598906F0AFCD11D22B503FAB9200433E9F45","AA773E18BD60BAA9B0D4C27C8336598906F0AFCD11D22B503FAB9200433E9F45","20642","20642","True","False","False","False","False","False","_OLD_LOADS/SCRIPT_RUNNERS/RUNNER","FUTURE_ROUTE_AFTER_USER_APPROVAL_AND_DRY_RUN_ONLY","NO","YES","YES","True","False","C:\Users\13527\Desktop\123\_OLD_LOADS\SCRIPT_RUNNERS\RUNNER","C:\Users\13527\Desktop\123\_OLD_LOADS\SCRIPT_RUNNERS\RUNNER\RUN_SELECTOR_FIELD_TEST_PACKET_FOR_POWERSHELL_HELPER_FILES_20260608.ps1","False","False","False"
"SCRIPT","RUN_SELECTOR_FIELD_TEST_PACKET_FOR_POWERSHELL_HELPER_FILES_V0_2_FREEZE_EVIDENCE_20260608.ps1","C:\Users\13527\Desktop\123\RUN_SELECTOR_FIELD_TEST_PACKET_FOR_POWERSHELL_HELPER_FILES_V0_2_FREEZE_EVIDENCE_20260608.ps1","C:\Users\13527\Desktop\123\RUN_SELECTOR_FIELD_TEST_PACKET_FOR_POWERSHELL_HELPER_FILES_V0_2_FREEZE_EVIDENCE_20260608.ps1","7DCEC1D04A7B55A62A617C0419A23E6CB8B5BCC4DB93E0A1502A6D22F8AA8CD8","7DCEC1D04A7B55A62A617C0419A23E6CB8B5BCC4DB93E0A1502A6D22F8AA8CD8","30218","30218","True","False","False","False","False","False","_OLD_LOADS/SCRIPT_RUNNERS/RUNNER","FUTURE_ROUTE_AFTER_USER_APPROVAL_AND_DRY_RUN_ONLY","NO","YES","YES","True","False","C:\Users\13527\Desktop\123\_OLD_LOADS\SCRIPT_RUNNERS\RUNNER","C:\Users\13527\Desktop\123\_OLD_LOADS\SCRIPT_RUNNERS\RUNNER\RUN_SELECTOR_FIELD_TEST_PACKET_FOR_POWERSHELL_HELPER_FILES_V0_2_FREEZE_EVIDENCE_20260608.ps1","False","False","False"
"NON_SCRIPT","current_and_next_plans.txt","C:\Users\13527\Desktop\123\current_and_next_plans.txt","C:\Users\13527\Desktop\123\current_and_next_plans.txt","D8ADD3D4ADF723E03D3C3FA3F4553DCD2550E3FE814B03FB2C52B757D6DC4F2C","D8ADD3D4ADF723E03D3C3FA3F4553DCD2550E3FE814B03FB2C52B757D6DC4F2C","2883","2883","True","False","False","False","False","False","DOCUMENT_CUSTODY_REVIEW/TEXT_OR_RECEIPT","FUTURE_ROUTE_AFTER_USER_APPROVAL_AND_DRY_RUN_ONLY","NO","YES","YES","True","False","C:\Users\13527\Desktop\123\DOCUMENT_CUSTODY_REVIEW\TEXT_OR_RECEIPT","C:\Users\13527\Desktop\123\DOCUMENT_CUSTODY_REVIEW\TEXT_OR_RECEIPT\current_and_next_plans.txt","False","False","False"
"NON_SCRIPT","desktop.ini","C:\Users\13527\Desktop\123\desktop.ini","C:\Users\13527\Desktop\123\desktop.ini","395022F49476E82B9033A89C7C04CE3770F7ECAD65A8D3F89C89454FF704A906","395022F49476E82B9033A89C7C04CE3770F7ECAD65A8D3F89C89454FF704A906","115","115","True","False","False","False","False","False","LEAVE_IN_PLACE","LEAVE_IN_PLACE","NO","NO","YES","False","True","","","False","False","False"
"NON_SCRIPT","HUMAN_ACCEPTANCE_DECISION__HELPER_EXPOSURE_33RD_PROTOCOL_FIRST_LIVE_USE_TEST_20260606.md","C:\Users\13527\Desktop\123\HUMAN_ACCEPTANCE_DECISION__HELPER_EXPOSURE_33RD_PROTOCOL_FIRST_LIVE_USE_TEST_20260606.md","C:\Users\13527\Desktop\123\HUMAN_ACCEPTANCE_DECISION__HELPER_EXPOSURE_33RD_PROTOCOL_FIRST_LIVE_USE_TEST_20260606.md","E3B0C44298FC1C149AFBF4C8996FB92427AE41E4649B934CA495991B7852B855","E3B0C44298FC1C149AFBF4C8996FB92427AE41E4649B934CA495991B7852B855","0","0","True","False","False","False","False","False","HOLD_ZERO_BYTE_REVIEW_NO_DELETE","FUTURE_ROUTE_AFTER_USER_APPROVAL_AND_DRY_RUN_ONLY","NO","YES","YES","False","True","","","False","False","False"
"NON_SCRIPT","PLANETARY_HOUSE_GATE_MASTER_INDEX_WITH_INTAKE_TOOLBELT_V0_3_RAW_COMBINED_WITH_GUARD_MEMBRANE_20260607.md","C:\Users\13527\Desktop\123\PLANETARY_HOUSE_GATE_MASTER_INDEX_WITH_INTAKE_TOOLBELT_V0_3_RAW_COMBINED_WITH_GUARD_MEMBRANE_20260607.md","C:\Users\13527\Desktop\123\PLANETARY_HOUSE_GATE_MASTER_INDEX_WITH_INTAKE_TOOLBELT_V0_3_RAW_COMBINED_WITH_GUARD_MEMBRANE_20260607.md","7F7B61C0915966EA3222587BA97B1ED8BCC47FC62739526B0542C557DA3156F7","7F7B61C0915966EA3222587BA97B1ED8BCC47FC62739526B0542C557DA3156F7","1406304","1406304","True","False","False","False","False","False","DOCUMENT_CUSTODY_REVIEW/MARKDOWN","FUTURE_ROUTE_AFTER_USER_APPROVAL_AND_DRY_RUN_ONLY","NO","YES","YES","True","False","C:\Users\13527\Desktop\123\DOCUMENT_CUSTODY_REVIEW\MARKDOWN","C:\Users\13527\Desktop\123\DOCUMENT_CUSTODY_REVIEW\MARKDOWN\PLANETARY_HOUSE_GATE_MASTER_INDEX_WITH_INTAKE_TOOLBELT_V0_3_RAW_COMBINED_WITH_GUARD_MEMBRANE_20260607.md","False","False","False"
"NON_SCRIPT","ROOT_DROP_INTAKE_WASHER_GATE_RULE_V0_1_20260608.md","C:\Users\13527\Desktop\123\ROOT_DROP_INTAKE_WASHER_GATE_RULE_V0_1_20260608.md","C:\Users\13527\Desktop\123\ROOT_DROP_INTAKE_WASHER_GATE_RULE_V0_1_20260608.md","ADDC4E8A2DA3226660663DAF61801AC505ED5F417B624F3E2CF58024A59FD4A9","ADDC4E8A2DA3226660663DAF61801AC505ED5F417B624F3E2CF58024A59FD4A9","4712","4712","True","False","False","False","False","False","DOCUMENT_CUSTODY_REVIEW/MARKDOWN","FUTURE_ROUTE_AFTER_USER_APPROVAL_AND_DRY_RUN_ONLY","NO","YES","YES","True","False","C:\Users\13527\Desktop\123\DOCUMENT_CUSTODY_REVIEW\MARKDOWN","C:\Users\13527\Desktop\123\DOCUMENT_CUSTODY_REVIEW\MARKDOWN\ROOT_DROP_INTAKE_WASHER_GATE_RULE_V0_1_20260608.md","False","False","False"
