"BatchID","TicketID","FileName","ReviewRole","SourcePath","SourceExists","DeclaredSha256","SourceSha256","DeclaredShaMatchesActual","SourceBytes","LineCount","TextReadOk","ReadError","SourceActionNow","SelectorActionNow","ActionNow","StaticReviewOnly","ExecutionAllowed","RouteAllowed","CleanupAllowed","DoctrinePromotionAllowed","RecursiveDryRunExpansionRequired","WholeHouseClearance","KnownOutcome","StaticDisposition","ContainsMoveItem","ContainsRemoveItem","ContainsRenameItem","ContainsCopyItem","ContainsStartProcess","ContainsInvokeExpression","ContainsSetClipboard","ContainsExportCsv","ContainsSetContent","ContainsGetContent","ContainsGetFileHash","ContainsGitCommand","ContainsNoExecutionMarker","ContainsPhysicalZeroMarker","HighRiskCommandMarker","HighRiskReviewOnlyMarker","RiskMarked","RiskDisposition","ReviewNote","DoesNotProve"
"HSRB-006","RHG-DRY-001","BUILD_GENERATED_RUNNER_SAFE_TEMPLATE_RULE_CARD_20260608.ps1","EXECUTABLE_HELPER_REVIEW_REQUIRED","C:\Users\13527\Desktop\123\BUILD_GENERATED_RUNNER_SAFE_TEMPLATE_RULE_CARD_20260608.ps1","True","2B1165E74B2E47ABFA9AE540883AF0DC499117199E0A89E0AAE87B0B6CD31624","2B1165E74B2E47ABFA9AE540883AF0DC499117199E0A89E0AAE87B0B6CD31624","True","11258","351","True","","NO_EXECUTION_NO_ROUTE_NO_CLEANUP","NO","NO","YES","NO","NO","NO","NO","YES","NO","REMAINING_GENERAL_REVIEW_ONLY_EVIDENCE","REMAINING_GENERAL_REVIEW_ONLY_BUCKET","False","False","False","False","False","False","False","False","True","False","True","True","False","False","False","False","True","REVIEW_ONLY_RISK_MARKER__NOT_CLEARED_FOR_EXECUTION","Remaining helper review evidence. No execution, route, cleanup, commit, push, doctrine promotion, or whole-house clearance.","Does not prove helper is safe outside impact cone; does not authorize execution, route, cleanup, commit, push, or doctrine promotion."
"HSRB-006","RHG-DRY-035","FIELD_APPLY_GENERATED_RUNNER_SAFE_TEMPLATE_RULE_CARD_20260608.ps1","EXECUTABLE_HELPER_REVIEW_REQUIRED","C:\Users\13527\Desktop\123\FIELD_APPLY_GENERATED_RUNNER_SAFE_TEMPLATE_RULE_CARD_20260608.ps1","True","47CB61434C57B35ACF64378C87BD7E6EE7CA7A7A8DC08A18468BFEDD22F3E5EB","47CB61434C57B35ACF64378C87BD7E6EE7CA7A7A8DC08A18468BFEDD22F3E5EB","True","11057","335","True","","NO_EXECUTION_NO_ROUTE_NO_CLEANUP","NO","NO","YES","NO","NO","NO","NO","YES","NO","REMAINING_GENERAL_REVIEW_ONLY_EVIDENCE","REMAINING_GENERAL_REVIEW_ONLY_BUCKET","False","False","False","False","False","False","False","False","True","True","True","True","False","False","False","False","True","REVIEW_ONLY_RISK_MARKER__NOT_CLEARED_FOR_EXECUTION","Remaining helper review evidence. No execution, route, cleanup, commit, push, doctrine promotion, or whole-house clearance.","Does not prove helper is safe outside impact cone; does not authorize execution, route, cleanup, commit, push, or doctrine promotion."
"HSRB-006","RHG-DRY-036","FIELD_APPLY_GENERATED_RUNNER_SAFE_TEMPLATE_RULE_CARD_V0_2_20260608.ps1","EXECUTABLE_HELPER_REVIEW_REQUIRED","C:\Users\13527\Desktop\123\FIELD_APPLY_GENERATED_RUNNER_SAFE_TEMPLATE_RULE_CARD_V0_2_20260608.ps1","True","8EC9358F731D2B79DAC7471D18F02517881E3D0F8356B9F636D429E04743EE02","8EC9358F731D2B79DAC7471D18F02517881E3D0F8356B9F636D429E04743EE02","True","16899","504","True","","NO_EXECUTION_NO_ROUTE_NO_CLEANUP","NO","NO","YES","NO","NO","NO","NO","YES","NO","REMAINING_GENERAL_REVIEW_ONLY_EVIDENCE","REMAINING_GENERAL_REVIEW_ONLY_BUCKET","False","False","False","True","False","False","False","False","True","True","True","True","False","False","False","False","True","REVIEW_ONLY_RISK_MARKER__NOT_CLEARED_FOR_EXECUTION","Remaining helper review evidence. No execution, route, cleanup, commit, push, doctrine promotion, or whole-house clearance.","Does not prove helper is safe outside impact cone; does not authorize execution, route, cleanup, commit, push, or doctrine promotion."
"HSRB-006","RHG-DRY-037","FIELD_APPLY_GENERATED_RUNNER_SAFE_TEMPLATE_RULE_CARD_V0_3_20260608.ps1","EXECUTABLE_HELPER_REVIEW_REQUIRED","C:\Users\13527\Desktop\123\FIELD_APPLY_GENERATED_RUNNER_SAFE_TEMPLATE_RULE_CARD_V0_3_20260608.ps1","True","D28EFBA23CD026B667DB17B0A2B48C6533F41F5F313C18BD6AB70A5705CA440A","D28EFBA23CD026B667DB17B0A2B48C6533F41F5F313C18BD6AB70A5705CA440A","True","20225","609","True","","NO_EXECUTION_NO_ROUTE_NO_CLEANUP","NO","NO","YES","NO","NO","NO","NO","YES","NO","REMAINING_GENERAL_REVIEW_ONLY_EVIDENCE","REMAINING_GENERAL_REVIEW_ONLY_BUCKET","False","False","False","True","False","False","False","False","True","True","True","True","False","False","False","False","True","REVIEW_ONLY_RISK_MARKER__NOT_CLEARED_FOR_EXECUTION","Remaining helper review evidence. No execution, route, cleanup, commit, push, doctrine promotion, or whole-house clearance.","Does not prove helper is safe outside impact cone; does not authorize execution, route, cleanup, commit, push, or doctrine promotion."
"HSRB-006","RHG-DRY-038","FREEZE_GENERATED_RUNNER_DEEP_LAYER_AND_WRITE_SAFE_GIT_RUNNER_20260608.ps1","EXECUTABLE_HELPER_REVIEW_REQUIRED","C:\Users\13527\Desktop\123\FREEZE_GENERATED_RUNNER_DEEP_LAYER_AND_WRITE_SAFE_GIT_RUNNER_20260608.ps1","True","2382BA97B226FD4B56374C7D6576815C346FE1420177D27CC60F271D60A22514","2382BA97B226FD4B56374C7D6576815C346FE1420177D27CC60F271D60A22514","True","18746","521","True","","NO_EXECUTION_NO_ROUTE_NO_CLEANUP","NO","NO","YES","NO","NO","NO","NO","YES","NO","REMAINING_CUSTODY_PROOF_RECEIPT_EVIDENCE; REVIEW_ONLY","REMAINING_CUSTODY_PROOF_OR_RECEIPT_REVIEW_ONLY","False","False","False","False","False","False","False","False","True","False","True","True","False","False","False","False","True","REVIEW_ONLY_RISK_MARKER__NOT_CLEARED_FOR_EXECUTION","Remaining custody/proof/receipt item. Receipt/proof is not an order; recursive impact cone remains uncleared.","Does not prove helper is safe outside impact cone; does not authorize execution, route, cleanup, commit, push, or doctrine promotion."
"HSRB-006","RHG-DRY-039","FREEZE_GIT_SNAPSHOT_NO_WORKTREE_AND_WRITE_FIXED_RUNNER_20260608.ps1","EXECUTABLE_HELPER_REVIEW_REQUIRED","C:\Users\13527\Desktop\123\FREEZE_GIT_SNAPSHOT_NO_WORKTREE_AND_WRITE_FIXED_RUNNER_20260608.ps1","True","35F243A1B427ABCDD98A84EE34B68D875BD8DFE3FBE12CB40E145F6CB035BC06","35F243A1B427ABCDD98A84EE34B68D875BD8DFE3FBE12CB40E145F6CB035BC06","True","15873","406","True","","NO_EXECUTION_NO_ROUTE_NO_CLEANUP","NO","NO","YES","NO","NO","NO","NO","YES","NO","REMAINING_CUSTODY_PROOF_RECEIPT_EVIDENCE; REVIEW_ONLY","REMAINING_CUSTODY_PROOF_OR_RECEIPT_REVIEW_ONLY","False","False","False","False","False","False","False","False","True","False","True","True","False","False","False","False","True","REVIEW_ONLY_RISK_MARKER__NOT_CLEARED_FOR_EXECUTION","Remaining custody/proof/receipt item. Receipt/proof is not an order; recursive impact cone remains uncleared.","Does not prove helper is safe outside impact cone; does not authorize execution, route, cleanup, commit, push, or doctrine promotion."
"HSRB-006","RHG-DRY-043","ROUGH_LOCAL_IMPORT_GENERATED_RUNNER_SAFE_TEMPLATE_RULE_CARD_CHAIN_20260608.ps1","EXECUTABLE_HELPER_REVIEW_REQUIRED","C:\Users\13527\Desktop\123\ROUGH_LOCAL_IMPORT_GENERATED_RUNNER_SAFE_TEMPLATE_RULE_CARD_CHAIN_20260608.ps1","True","8FE2AB5E9988270652F9E536672E5527C2F779806E021DD42F9BBCAEB4267392","8FE2AB5E9988270652F9E536672E5527C2F779806E021DD42F9BBCAEB4267392","True","15160","412","True","","NO_EXECUTION_NO_ROUTE_NO_CLEANUP","NO","NO","YES","NO","NO","NO","NO","YES","NO","REMAINING_GENERAL_REVIEW_ONLY_EVIDENCE","REMAINING_GENERAL_REVIEW_ONLY_BUCKET","False","False","False","True","False","False","False","False","True","False","True","True","False","False","False","False","True","REVIEW_ONLY_RISK_MARKER__NOT_CLEARED_FOR_EXECUTION","Remaining helper review evidence. No execution, route, cleanup, commit, push, doctrine promotion, or whole-house clearance.","Does not prove helper is safe outside impact cone; does not authorize execution, route, cleanup, commit, push, or doctrine promotion."
"HSRB-006","RHG-DRY-044","ROUGH_LOCAL_IMPORT_HELPER_FILE_SURFACE_PREFLIGHT_LANE_CLOSEOUT_20260608_HEAVY_BOUNDARY.ps1","EXECUTABLE_HELPER_REVIEW_REQUIRED","C:\Users\13527\Desktop\123\ROUGH_LOCAL_IMPORT_HELPER_FILE_SURFACE_PREFLIGHT_LANE_CLOSEOUT_20260608_HEAVY_BOUNDARY.ps1","True","8802C73E7027544188ADCB4C960FB4036F1A6FCBB3632893EED627E2E8C23D66","8802C73E7027544188ADCB4C960FB4036F1A6FCBB3632893EED627E2E8C23D66","True","14542","357","True","","NO_EXECUTION_NO_ROUTE_NO_CLEANUP","NO","NO","YES","NO","NO","NO","NO","YES","NO","REMAINING_QUEUE_SELECTOR_CLOSEOUT_EVIDENCE; REVIEW_ONLY","REMAINING_QUEUE_SELECTOR_OR_CLOSEOUT_REVIEW_ONLY","False","False","False","True","False","False","False","False","True","True","True","True","False","False","False","False","True","REVIEW_ONLY_RISK_MARKER__NOT_CLEARED_FOR_EXECUTION","Remaining queue/selector/closeout item. Review as helper-process evidence only; not execution authority.","Does not prove helper is safe outside impact cone; does not authorize execution, route, cleanup, commit, push, or doctrine promotion."
"HSRB-006","RHG-DRY-045","ROUGH_LOCAL_IMPORT_ROOT_DROP_INTAKE_WASHER_HELPER_CANDIDATE_OPTION_SET_20260608.ps1","EXECUTABLE_HELPER_REVIEW_REQUIRED","C:\Users\13527\Desktop\123\ROUGH_LOCAL_IMPORT_ROOT_DROP_INTAKE_WASHER_HELPER_CANDIDATE_OPTION_SET_20260608.ps1","True","9D0A9CFA4574E0326E7FDD9FA49B26BA5D5F33DDCDF2953F13C5E5B0BAE3A9EA","9D0A9CFA4574E0326E7FDD9FA49B26BA5D5F33DDCDF2953F13C5E5B0BAE3A9EA","True","14989","419","True","","NO_EXECUTION_NO_ROUTE_NO_CLEANUP","NO","NO","YES","NO","NO","NO","NO","YES","NO","REMAINING_ROOT_HELD_OR_HOLD_EVIDENCE; REVIEW_ONLY","REMAINING_ROOT_HELD_OR_HOLD_REVIEW_ONLY","False","False","False","True","False","False","False","False","True","False","True","True","False","False","False","False","True","REVIEW_ONLY_RISK_MARKER__NOT_CLEARED_FOR_EXECUTION","Remaining root-held/hold/route-family item. Preserve as evidence only; recursive dry-run expansion required before cross-room reliance.","Does not prove helper is safe outside impact cone; does not authorize execution, route, cleanup, commit, push, or doctrine promotion."
"HSRB-006","RHG-DRY-046","ROUGH_LOCAL_IMPORT_ROOT_DROP_INTAKE_WASHER_OLD_LOAD_OR_SYSTEM_OPTION_SET_V0_2_20260608.ps1","EXECUTABLE_HELPER_REVIEW_REQUIRED","C:\Users\13527\Desktop\123\ROUGH_LOCAL_IMPORT_ROOT_DROP_INTAKE_WASHER_OLD_LOAD_OR_SYSTEM_OPTION_SET_V0_2_20260608.ps1","True","73D1A1CE5F20981C27D14646A8973E88E8327780C355E7ED3708ACDC52D77E66","73D1A1CE5F20981C27D14646A8973E88E8327780C355E7ED3708ACDC52D77E66","True","19861","510","True","","NO_EXECUTION_NO_ROUTE_NO_CLEANUP","NO","NO","YES","NO","NO","NO","NO","YES","NO","REMAINING_ROOT_HELD_OR_HOLD_EVIDENCE; REVIEW_ONLY","REMAINING_ROOT_HELD_OR_HOLD_REVIEW_ONLY","False","False","False","True","False","False","False","False","True","False","True","True","False","False","False","False","True","REVIEW_ONLY_RISK_MARKER__NOT_CLEARED_FOR_EXECUTION","Remaining root-held/hold/route-family item. Preserve as evidence only; recursive dry-run expansion required before cross-room reliance.","Does not prove helper is safe outside impact cone; does not authorize execution, route, cleanup, commit, push, or doctrine promotion."
"HSRB-006","RHG-DRY-047","ROUGH_LOCAL_IMPORT_ROOT_DROP_INTAKE_WASHER_QUEUE_CLOSEOUT_20260608.ps1","EXECUTABLE_HELPER_REVIEW_REQUIRED","C:\Users\13527\Desktop\123\ROUGH_LOCAL_IMPORT_ROOT_DROP_INTAKE_WASHER_QUEUE_CLOSEOUT_20260608.ps1","True","1FD33AB93FA7108DE6019ACDA6AA37D8C7307AC9452FC53EF4836174DB398E26","1FD33AB93FA7108DE6019ACDA6AA37D8C7307AC9452FC53EF4836174DB398E26","True","18057","500","True","","NO_EXECUTION_NO_ROUTE_NO_CLEANUP","NO","NO","YES","NO","NO","NO","NO","YES","NO","REMAINING_ROOT_HELD_OR_HOLD_EVIDENCE; REVIEW_ONLY","REMAINING_ROOT_HELD_OR_HOLD_REVIEW_ONLY","False","False","False","True","False","False","False","False","True","False","True","True","False","False","False","False","True","REVIEW_ONLY_RISK_MARKER__NOT_CLEARED_FOR_EXECUTION","Remaining root-held/hold/route-family item. Preserve as evidence only; recursive dry-run expansion required before cross-room reliance.","Does not prove helper is safe outside impact cone; does not authorize execution, route, cleanup, commit, push, or doctrine promotion."
"HSRB-006","RHG-DRY-048","ROUGH_LOCAL_IMPORT_ROOT_DROP_INTAKE_WASHER_SOURCE_AUTHORITY_CANDIDATE_OPTION_SET_20260608.ps1","EXECUTABLE_HELPER_REVIEW_REQUIRED","C:\Users\13527\Desktop\123\ROUGH_LOCAL_IMPORT_ROOT_DROP_INTAKE_WASHER_SOURCE_AUTHORITY_CANDIDATE_OPTION_SET_20260608.ps1","True","A82E3EE971BA0B849D4DDE728D87B579DB598B601B3346E54D52BCB9D4308006","A82E3EE971BA0B849D4DDE728D87B579DB598B601B3346E54D52BCB9D4308006","True","16559","437","True","","NO_EXECUTION_NO_ROUTE_NO_CLEANUP","NO","NO","YES","NO","NO","NO","NO","YES","NO","REMAINING_ROOT_HELD_OR_HOLD_EVIDENCE; REVIEW_ONLY","REMAINING_ROOT_HELD_OR_HOLD_REVIEW_ONLY","False","False","False","True","False","False","False","False","True","False","True","True","False","False","False","False","True","REVIEW_ONLY_RISK_MARKER__NOT_CLEARED_FOR_EXECUTION","Remaining root-held/hold/route-family item. Preserve as evidence only; recursive dry-run expansion required before cross-room reliance.","Does not prove helper is safe outside impact cone; does not authorize execution, route, cleanup, commit, push, or doctrine promotion."
"HSRB-006","RHG-DRY-049","ROUGH_LOCAL_IMPORT_ROOT_DROP_INTAKE_WASHER_SUPPORT_CANDIDATE_OPTION_SET_V0_2_20260608.ps1","EXECUTABLE_HELPER_REVIEW_REQUIRED","C:\Users\13527\Desktop\123\ROUGH_LOCAL_IMPORT_ROOT_DROP_INTAKE_WASHER_SUPPORT_CANDIDATE_OPTION_SET_V0_2_20260608.ps1","True","05C58FBA77B1300A9C10FC8E9A8AD31AC613C61C1138E1D16E202E51207800B8","05C58FBA77B1300A9C10FC8E9A8AD31AC613C61C1138E1D16E202E51207800B8","True","18632","490","True","","NO_EXECUTION_NO_ROUTE_NO_CLEANUP","NO","NO","YES","NO","NO","NO","NO","YES","NO","REMAINING_ROOT_HELD_OR_HOLD_EVIDENCE; REVIEW_ONLY","REMAINING_ROOT_HELD_OR_HOLD_REVIEW_ONLY","False","False","False","True","False","False","False","False","True","False","True","True","False","False","False","False","True","REVIEW_ONLY_RISK_MARKER__NOT_CLEARED_FOR_EXECUTION","Remaining root-held/hold/route-family item. Preserve as evidence only; recursive dry-run expansion required before cross-room reliance.","Does not prove helper is safe outside impact cone; does not authorize execution, route, cleanup, commit, push, or doctrine promotion."
"HSRB-006","RHG-DRY-050","ROUGH_LOCAL_IMPORT_ROOT_DROP_INTAKE_WASHER_SUPPORT_CARD_SCHEMA_CHAIN_20260608.ps1","EXECUTABLE_HELPER_REVIEW_REQUIRED","C:\Users\13527\Desktop\123\ROUGH_LOCAL_IMPORT_ROOT_DROP_INTAKE_WASHER_SUPPORT_CARD_SCHEMA_CHAIN_20260608.ps1","True","53FB0E7C5B82476E94FDD19AB1361912F2B3798BE1DDE5CCBC7A69416AE4176E","53FB0E7C5B82476E94FDD19AB1361912F2B3798BE1DDE5CCBC7A69416AE4176E","True","15266","421","True","","NO_EXECUTION_NO_ROUTE_NO_CLEANUP","NO","NO","YES","NO","NO","NO","NO","YES","NO","REMAINING_ROOT_HELD_OR_HOLD_EVIDENCE; REVIEW_ONLY","REMAINING_ROOT_HELD_OR_HOLD_REVIEW_ONLY","False","False","False","True","False","False","False","False","True","False","True","True","False","False","False","False","True","REVIEW_ONLY_RISK_MARKER__NOT_CLEARED_FOR_EXECUTION","Remaining root-held/hold/route-family item. Preserve as evidence only; recursive dry-run expansion required before cross-room reliance.","Does not prove helper is safe outside impact cone; does not authorize execution, route, cleanup, commit, push, or doctrine promotion."
"HSRB-006","RHG-DRY-052","ROUGH_LOCAL_IMPORT_ROOT_HELD_GROUP_OPTION_SET_V0_2_20260608_HEAVY_BOUNDARY_SIGNAL_FIX_V0_2.ps1","EXECUTABLE_HELPER_REVIEW_REQUIRED","C:\Users\13527\Desktop\123\ROUGH_LOCAL_IMPORT_ROOT_HELD_GROUP_OPTION_SET_V0_2_20260608_HEAVY_BOUNDARY_SIGNAL_FIX_V0_2.ps1","True","5756AA7D2DFEAA02B807796557BDDB111F47788B30B09C79733266D59EDA6DC3","5756AA7D2DFEAA02B807796557BDDB111F47788B30B09C79733266D59EDA6DC3","True","18051","434","True","","NO_EXECUTION_NO_ROUTE_NO_CLEANUP","NO","NO","YES","NO","NO","NO","NO","YES","NO","REMAINING_ROOT_HELD_OR_HOLD_EVIDENCE; REVIEW_ONLY","REMAINING_ROOT_HELD_OR_HOLD_REVIEW_ONLY","False","False","False","True","False","False","False","False","True","True","True","True","False","False","False","False","True","REVIEW_ONLY_RISK_MARKER__NOT_CLEARED_FOR_EXECUTION","Remaining root-held/hold/route-family item. Preserve as evidence only; recursive dry-run expansion required before cross-room reliance.","Does not prove helper is safe outside impact cone; does not authorize execution, route, cleanup, commit, push, or doctrine promotion."
"HSRB-006","RHG-DRY-053","ROUGH_LOCAL_IMPORT_ROOT_HELD_GROUP_OPTION_SET_V0_2_20260608_HEAVY_BOUNDARY_V0_1.ps1","EXECUTABLE_HELPER_REVIEW_REQUIRED","C:\Users\13527\Desktop\123\ROUGH_LOCAL_IMPORT_ROOT_HELD_GROUP_OPTION_SET_V0_2_20260608_HEAVY_BOUNDARY_V0_1.ps1","True","396CF0970ED253757DA5A711B47ABCB74A0D3FCDD62A7957C4CCD88DC025EA1A","396CF0970ED253757DA5A711B47ABCB74A0D3FCDD62A7957C4CCD88DC025EA1A","True","18060","435","True","","NO_EXECUTION_NO_ROUTE_NO_CLEANUP","NO","NO","YES","NO","NO","NO","NO","YES","NO","REMAINING_ROOT_HELD_OR_HOLD_EVIDENCE; REVIEW_ONLY","REMAINING_ROOT_HELD_OR_HOLD_REVIEW_ONLY","False","False","False","True","False","False","False","False","True","True","True","True","False","False","False","False","True","REVIEW_ONLY_RISK_MARKER__NOT_CLEARED_FOR_EXECUTION","Remaining root-held/hold/route-family item. Preserve as evidence only; recursive dry-run expansion required before cross-room reliance.","Does not prove helper is safe outside impact cone; does not authorize execution, route, cleanup, commit, push, or doctrine promotion."
"HSRB-006","RHG-DRY-054","ROUGH_LOCAL_IMPORT_ROOT_HELD_GROUP_READ_ONLY_PREP_CARD_V0_2_WITH_STRESS_BENCH_20260608_HEAVY_BOUNDARY.ps1","EXECUTABLE_HELPER_REVIEW_REQUIRED","C:\Users\13527\Desktop\123\ROUGH_LOCAL_IMPORT_ROOT_HELD_GROUP_READ_ONLY_PREP_CARD_V0_2_WITH_STRESS_BENCH_20260608_HEAVY_BOUNDARY.ps1","True","4FDD88D78DEC35114ED1C160435A674CC0080F97F3340079EA00A2A07FAE6CE8","4FDD88D78DEC35114ED1C160435A674CC0080F97F3340079EA00A2A07FAE6CE8","True","17216","424","True","","NO_EXECUTION_NO_ROUTE_NO_CLEANUP","NO","NO","YES","NO","NO","NO","NO","YES","NO","REMAINING_ROOT_HELD_OR_HOLD_EVIDENCE; REVIEW_ONLY","REMAINING_ROOT_HELD_OR_HOLD_REVIEW_ONLY","False","False","False","True","False","False","False","False","True","True","True","True","False","False","False","False","True","REVIEW_ONLY_RISK_MARKER__NOT_CLEARED_FOR_EXECUTION","Remaining root-held/hold/route-family item. Preserve as evidence only; recursive dry-run expansion required before cross-room reliance.","Does not prove helper is safe outside impact cone; does not authorize execution, route, cleanup, commit, push, or doctrine promotion."
"HSRB-006","RHG-DRY-055","ROUGH_LOCAL_IMPORT_ROOT_HELD_GROUP_READ_ONLY_PREP_CARD_V0_2_WITH_STRESS_BENCH_SIGNAL_FIX_V0_2_20260608_HEAVY_BOUNDARY.ps1","EXECUTABLE_HELPER_REVIEW_REQUIRED","C:\Users\13527\Desktop\123\ROUGH_LOCAL_IMPORT_ROOT_HELD_GROUP_READ_ONLY_PREP_CARD_V0_2_WITH_STRESS_BENCH_SIGNAL_FIX_V0_2_20260608_HEAVY_BOUNDARY.ps1","True","5E59A756A1429325DE9E1A175EBADC539AD0C7539CC1B43C539062621FC56D60","5E59A756A1429325DE9E1A175EBADC539AD0C7539CC1B43C539062621FC56D60","True","17220","424","True","","NO_EXECUTION_NO_ROUTE_NO_CLEANUP","NO","NO","YES","NO","NO","NO","NO","YES","NO","REMAINING_ROOT_HELD_OR_HOLD_EVIDENCE; REVIEW_ONLY","REMAINING_ROOT_HELD_OR_HOLD_REVIEW_ONLY","False","False","False","True","False","False","False","False","True","True","True","True","False","False","False","False","True","REVIEW_ONLY_RISK_MARKER__NOT_CLEARED_FOR_EXECUTION","Remaining root-held/hold/route-family item. Preserve as evidence only; recursive dry-run expansion required before cross-room reliance.","Does not prove helper is safe outside impact cone; does not authorize execution, route, cleanup, commit, push, or doctrine promotion."
"HSRB-006","RHG-DRY-056","ROUGH_LOCAL_IMPORT_ROOT_HELD_GROUP_READ_ONLY_REVIEW_V0_2_20260608_HEAVY_BOUNDARY_V0_1.ps1","EXECUTABLE_HELPER_REVIEW_REQUIRED","C:\Users\13527\Desktop\123\ROUGH_LOCAL_IMPORT_ROOT_HELD_GROUP_READ_ONLY_REVIEW_V0_2_20260608_HEAVY_BOUNDARY_V0_1.ps1","True","2AF8F4FF02FE6C1D7FE2A55A69EF9E1E6627CC5B099AFAD599AF9CF685A8831C","2AF8F4FF02FE6C1D7FE2A55A69EF9E1E6627CC5B099AFAD599AF9CF685A8831C","True","19320","466","True","","NO_EXECUTION_NO_ROUTE_NO_CLEANUP","NO","NO","YES","NO","NO","NO","NO","YES","NO","REMAINING_ROOT_HELD_OR_HOLD_EVIDENCE; REVIEW_ONLY","REMAINING_ROOT_HELD_OR_HOLD_REVIEW_ONLY","False","False","False","True","False","False","False","False","True","True","True","True","False","False","False","False","True","REVIEW_ONLY_RISK_MARKER__NOT_CLEARED_FOR_EXECUTION","Remaining root-held/hold/route-family item. Preserve as evidence only; recursive dry-run expansion required before cross-room reliance.","Does not prove helper is safe outside impact cone; does not authorize execution, route, cleanup, commit, push, or doctrine promotion."
"HSRB-006","RHG-DRY-060","RUN_ROOT_DROP_INTAKE_WASHER_HELPER_CANDIDATE_REVIEW_DRY_RUN_20260608.ps1","EXECUTABLE_HELPER_REVIEW_REQUIRED","C:\Users\13527\Desktop\123\RUN_ROOT_DROP_INTAKE_WASHER_HELPER_CANDIDATE_REVIEW_DRY_RUN_20260608.ps1","True","83791046F39790C1C36971EA14E6E60BB9B33E03F615C5B4F4EB20C56DFB18A3","83791046F39790C1C36971EA14E6E60BB9B33E03F615C5B4F4EB20C56DFB18A3","True","20257","676","True","","NO_EXECUTION_NO_ROUTE_NO_CLEANUP","NO","NO","YES","NO","NO","NO","NO","YES","NO","REMAINING_ROOT_HELD_OR_HOLD_EVIDENCE; REVIEW_ONLY","REMAINING_ROOT_HELD_OR_HOLD_REVIEW_ONLY","True","True","True","True","False","False","False","False","True","True","True","True","True","False","True","True","True","REVIEW_ONLY_HIGH_RISK_MARKER__NOT_CLEARED","Remaining root-held/hold/route-family item. Preserve as evidence only; recursive dry-run expansion required before cross-room reliance.","Does not prove helper is safe outside impact cone; does not authorize execution, route, cleanup, commit, push, or doctrine promotion."
"HSRB-006","RHG-DRY-061","RUN_ROOT_DROP_INTAKE_WASHER_MULTI_FILE_FIELD_TEST_20260608.ps1","EXECUTABLE_HELPER_REVIEW_REQUIRED","C:\Users\13527\Desktop\123\RUN_ROOT_DROP_INTAKE_WASHER_MULTI_FILE_FIELD_TEST_20260608.ps1","True","1F50E5F00FF19C112D49189BEF46E175E8862B9F32EADA665F93B8A85368D162","1F50E5F00FF19C112D49189BEF46E175E8862B9F32EADA665F93B8A85368D162","True","17591","593","True","","NO_EXECUTION_NO_ROUTE_NO_CLEANUP","NO","NO","YES","NO","NO","NO","NO","YES","NO","REMAINING_ROOT_HELD_OR_HOLD_EVIDENCE; REVIEW_ONLY","REMAINING_ROOT_HELD_OR_HOLD_REVIEW_ONLY","False","False","False","False","False","False","False","False","True","False","True","True","False","False","False","False","True","REVIEW_ONLY_RISK_MARKER__NOT_CLEARED_FOR_EXECUTION","Remaining root-held/hold/route-family item. Preserve as evidence only; recursive dry-run expansion required before cross-room reliance.","Does not prove helper is safe outside impact cone; does not authorize execution, route, cleanup, commit, push, or doctrine promotion."
"HSRB-006","RHG-DRY-062","RUN_ROOT_DROP_INTAKE_WASHER_OLD_LOAD_OR_SYSTEM_REVIEW_DRY_RUN_20260608.ps1","EXECUTABLE_HELPER_REVIEW_REQUIRED","C:\Users\13527\Desktop\123\RUN_ROOT_DROP_INTAKE_WASHER_OLD_LOAD_OR_SYSTEM_REVIEW_DRY_RUN_20260608.ps1","True","426B6E5CDE9BFC779F5CE19BBD9D3AC4775430866EB499B0D1B00633B7F164A2","426B6E5CDE9BFC779F5CE19BBD9D3AC4775430866EB499B0D1B00633B7F164A2","True","23515","743","True","","NO_EXECUTION_NO_ROUTE_NO_CLEANUP","NO","NO","YES","NO","NO","NO","NO","YES","NO","REMAINING_ROOT_HELD_OR_HOLD_EVIDENCE; REVIEW_ONLY","REMAINING_ROOT_HELD_OR_HOLD_REVIEW_ONLY","False","False","False","False","False","False","False","False","True","True","True","True","False","False","False","False","True","REVIEW_ONLY_RISK_MARKER__NOT_CLEARED_FOR_EXECUTION","Remaining root-held/hold/route-family item. Preserve as evidence only; recursive dry-run expansion required before cross-room reliance.","Does not prove helper is safe outside impact cone; does not authorize execution, route, cleanup, commit, push, or doctrine promotion."
"HSRB-006","RHG-DRY-063","RUN_ROOT_DROP_INTAKE_WASHER_OLD_LOAD_OR_SYSTEM_REVIEW_DRY_RUN_V0_2_20260608.ps1","EXECUTABLE_HELPER_REVIEW_REQUIRED","C:\Users\13527\Desktop\123\RUN_ROOT_DROP_INTAKE_WASHER_OLD_LOAD_OR_SYSTEM_REVIEW_DRY_RUN_V0_2_20260608.ps1","True","4ED1D3AFD0597C3A998CD97C48B98B2449355CF2C579A6177346818C9CE422BD","4ED1D3AFD0597C3A998CD97C48B98B2449355CF2C579A6177346818C9CE422BD","True","33100","1030","True","","NO_EXECUTION_NO_ROUTE_NO_CLEANUP","NO","NO","YES","NO","NO","NO","NO","YES","NO","REMAINING_ROOT_HELD_OR_HOLD_EVIDENCE; REVIEW_ONLY","REMAINING_ROOT_HELD_OR_HOLD_REVIEW_ONLY","False","False","False","True","False","False","False","False","True","True","True","True","False","False","False","False","True","REVIEW_ONLY_RISK_MARKER__NOT_CLEARED_FOR_EXECUTION","Remaining root-held/hold/route-family item. Preserve as evidence only; recursive dry-run expansion required before cross-room reliance.","Does not prove helper is safe outside impact cone; does not authorize execution, route, cleanup, commit, push, or doctrine promotion."
"HSRB-006","RHG-DRY-064","RUN_ROOT_DROP_INTAKE_WASHER_SOURCE_AUTHORITY_CANDIDATE_REVIEW_DRY_RUN_20260608.ps1","EXECUTABLE_HELPER_REVIEW_REQUIRED","C:\Users\13527\Desktop\123\RUN_ROOT_DROP_INTAKE_WASHER_SOURCE_AUTHORITY_CANDIDATE_REVIEW_DRY_RUN_20260608.ps1","True","D9256F22E0813AF008F536CCC6F3A794B79BAD2500FBD4289D80AD5C777B42CD","D9256F22E0813AF008F536CCC6F3A794B79BAD2500FBD4289D80AD5C777B42CD","True","20464","645","True","","NO_EXECUTION_NO_ROUTE_NO_CLEANUP","NO","NO","YES","NO","NO","NO","NO","YES","NO","REMAINING_ROOT_HELD_OR_HOLD_EVIDENCE; REVIEW_ONLY","REMAINING_ROOT_HELD_OR_HOLD_REVIEW_ONLY","False","False","False","False","False","False","False","False","True","True","True","True","False","False","False","False","True","REVIEW_ONLY_RISK_MARKER__NOT_CLEARED_FOR_EXECUTION","Remaining root-held/hold/route-family item. Preserve as evidence only; recursive dry-run expansion required before cross-room reliance.","Does not prove helper is safe outside impact cone; does not authorize execution, route, cleanup, commit, push, or doctrine promotion."
"HSRB-006","RHG-DRY-065","RUN_ROOT_DROP_INTAKE_WASHER_SUPPORT_CANDIDATE_REVIEW_DRY_RUN_20260608.ps1","EXECUTABLE_HELPER_REVIEW_REQUIRED","C:\Users\13527\Desktop\123\RUN_ROOT_DROP_INTAKE_WASHER_SUPPORT_CANDIDATE_REVIEW_DRY_RUN_20260608.ps1","True","DB2A100E8ACBD0EC95E525F706C8A710A865998ED7862268C06D5E966E746B16","DB2A100E8ACBD0EC95E525F706C8A710A865998ED7862268C06D5E966E746B16","True","22410","715","True","","NO_EXECUTION_NO_ROUTE_NO_CLEANUP","NO","NO","YES","NO","NO","NO","NO","YES","NO","REMAINING_ROOT_HELD_OR_HOLD_EVIDENCE; REVIEW_ONLY","REMAINING_ROOT_HELD_OR_HOLD_REVIEW_ONLY","True","True","True","False","False","False","False","False","True","True","True","True","False","False","True","True","True","REVIEW_ONLY_HIGH_RISK_MARKER__NOT_CLEARED","Remaining root-held/hold/route-family item. Preserve as evidence only; recursive dry-run expansion required before cross-room reliance.","Does not prove helper is safe outside impact cone; does not authorize execution, route, cleanup, commit, push, or doctrine promotion."
"HSRB-006","RHG-DRY-066","RUN_SELECTOR_FIELD_TEST_FOR_GENERATED_RUNNER_DEFECT_FAMILY_20260608.ps1","EXECUTABLE_HELPER_REVIEW_REQUIRED","C:\Users\13527\Desktop\123\RUN_SELECTOR_FIELD_TEST_FOR_GENERATED_RUNNER_DEFECT_FAMILY_20260608.ps1","True","215D4AA6E47A6552EB28FF4A7DC641B02DA9F78D8FD171F704CDD1E2C91A41E2","215D4AA6E47A6552EB28FF4A7DC641B02DA9F78D8FD171F704CDD1E2C91A41E2","True","16018","460","True","","NO_EXECUTION_NO_ROUTE_NO_CLEANUP","NO","NO","YES","NO","NO","NO","NO","YES","NO","REMAINING_QUEUE_SELECTOR_CLOSEOUT_EVIDENCE; REVIEW_ONLY","REMAINING_QUEUE_SELECTOR_OR_CLOSEOUT_REVIEW_ONLY","False","False","False","False","False","False","False","False","True","False","True","True","False","False","False","False","True","REVIEW_ONLY_RISK_MARKER__NOT_CLEARED_FOR_EXECUTION","Remaining queue/selector/closeout item. Review as helper-process evidence only; not execution authority.","Does not prove helper is safe outside impact cone; does not authorize execution, route, cleanup, commit, push, or doctrine promotion."
"HSRB-006","RHG-DRY-067","RUN_SELECTOR_FIELD_TEST_FOR_ROOT_DROP_INTAKE_WASHER_GATE_RULE_20260608.ps1","EXECUTABLE_HELPER_REVIEW_REQUIRED","C:\Users\13527\Desktop\123\RUN_SELECTOR_FIELD_TEST_FOR_ROOT_DROP_INTAKE_WASHER_GATE_RULE_20260608.ps1","True","574357FE131634EDA6BA970563AEFDFC492746B739D49E27A87BBC8B73246D94","574357FE131634EDA6BA970563AEFDFC492746B739D49E27A87BBC8B73246D94","True","17487","554","True","","NO_EXECUTION_NO_ROUTE_NO_CLEANUP","NO","NO","YES","NO","NO","NO","NO","YES","NO","REMAINING_ROOT_HELD_OR_HOLD_EVIDENCE; REVIEW_ONLY","REMAINING_ROOT_HELD_OR_HOLD_REVIEW_ONLY","False","False","False","False","False","False","False","False","True","True","True","True","False","False","False","False","True","REVIEW_ONLY_RISK_MARKER__NOT_CLEARED_FOR_EXECUTION","Remaining root-held/hold/route-family item. Preserve as evidence only; recursive dry-run expansion required before cross-room reliance.","Does not prove helper is safe outside impact cone; does not authorize execution, route, cleanup, commit, push, or doctrine promotion."
"HSRB-006","RHG-DRY-068","RUN_SELECTOR_FIELD_TEST_PACKET_FOR_POWERSHELL_HELPER_FILES_20260608.ps1","EXECUTABLE_HELPER_REVIEW_REQUIRED","C:\Users\13527\Desktop\123\RUN_SELECTOR_FIELD_TEST_PACKET_FOR_POWERSHELL_HELPER_FILES_20260608.ps1","True","AA773E18BD60BAA9B0D4C27C8336598906F0AFCD11D22B503FAB9200433E9F45","AA773E18BD60BAA9B0D4C27C8336598906F0AFCD11D22B503FAB9200433E9F45","True","20642","385","True","","NO_EXECUTION_NO_ROUTE_NO_CLEANUP","NO","NO","YES","NO","NO","NO","NO","YES","NO","REMAINING_QUEUE_SELECTOR_CLOSEOUT_EVIDENCE; REVIEW_ONLY","REMAINING_QUEUE_SELECTOR_OR_CLOSEOUT_REVIEW_ONLY","False","False","False","False","False","False","False","False","True","False","True","True","False","False","False","False","True","REVIEW_ONLY_RISK_MARKER__NOT_CLEARED_FOR_EXECUTION","Remaining queue/selector/closeout item. Review as helper-process evidence only; not execution authority.","Does not prove helper is safe outside impact cone; does not authorize execution, route, cleanup, commit, push, or doctrine promotion."
"HSRB-006","RHG-DRY-069","RUN_SELECTOR_FIELD_TEST_PACKET_FOR_POWERSHELL_HELPER_FILES_V0_2_FREEZE_EVIDENCE_20260608.ps1","EXECUTABLE_HELPER_REVIEW_REQUIRED","C:\Users\13527\Desktop\123\RUN_SELECTOR_FIELD_TEST_PACKET_FOR_POWERSHELL_HELPER_FILES_V0_2_FREEZE_EVIDENCE_20260608.ps1","True","7DCEC1D04A7B55A62A617C0419A23E6CB8B5BCC4DB93E0A1502A6D22F8AA8CD8","7DCEC1D04A7B55A62A617C0419A23E6CB8B5BCC4DB93E0A1502A6D22F8AA8CD8","True","30218","517","True","","NO_EXECUTION_NO_ROUTE_NO_CLEANUP","NO","NO","YES","NO","NO","NO","NO","YES","NO","REMAINING_CUSTODY_PROOF_RECEIPT_EVIDENCE; REVIEW_ONLY","REMAINING_CUSTODY_PROOF_OR_RECEIPT_REVIEW_ONLY","False","False","False","True","False","False","False","False","True","False","True","True","False","False","False","False","True","REVIEW_ONLY_RISK_MARKER__NOT_CLEARED_FOR_EXECUTION","Remaining custody/proof/receipt item. Receipt/proof is not an order; recursive impact cone remains uncleared.","Does not prove helper is safe outside impact cone; does not authorize execution, route, cleanup, commit, push, or doctrine promotion."
