ObjectId,SourcePath,SourceClass,Files,Bytes,KeyHashPath,KeySha256,Status,UseNow,OwnerRoom,Route,ProofClass,DoesNotProve,Disposition,ReturnTrigger
RSH-001,C:/Users/13527/Desktop/123/mule.txt,USER_MULE_INTENT_NOTE,1,1675,C:/Users/13527/Desktop/123/mule.txt,8D48F319E263B196EE91C0AB6A01012A2169256EE162791B9483605D11242143,LIVE_SUPPORT_INTENT,YES,HOUSE_WORK/SYSTEM_ALIGNMENT_ROOM/ROOT_SOURCE_INTAKE_AND_HASH_TUNNEL_20260531,"bounds this run as root cleanup + concept harvest + parking/key/hash/map",USER_VISIBLE_CONTEXT,"Does not approve delete, move, doctrine, or broad unreceipted cleanup.",ADAPT_NOW,"Close this intake room, then choose next legal action."
RSH-002,C:/Users/13527/Desktop/123/thoughts about things,HASH_TUNNEL_SOURCE_PACK,13,41608,C:/Users/13527/Desktop/123/thoughts about things/HASH_TUNNEL_FILE_LOGIC_SYSTEM_V0_3_README.md,D61E426F980C7558AC84AE748C56107C1990C282072047C3E02AFC12907B83C5,SOURCE_ORE_CANDIDATE,YES,HOUSE_WORK/SYSTEM_ALIGNMENT_ROOM/ROOT_SOURCE_INTAKE_AND_HASH_TUNNEL_20260531,"fit into hash/tunnel/proof ledgers and front-door wiring candidate",SOURCE_PACK,"Does not prove doctrine, install, approval, or correctness.",ADAPT_NOW,"Run HASH_TUNNEL_FILE_LOGIC_FIT_REPORT before any stronger adoption."
RSH-003,C:/Users/13527/Desktop/123/HELPER_CONTEXT_AUTHORITY_PROOF_RESEARCH_PACK_20260531,HELPER_CONTEXT_AUTHORITY_PROOF_RESEARCH_PACK,28,484623,C:/Users/13527/Desktop/123/HELPER_CONTEXT_AUTHORITY_PROOF_RESEARCH_PACK_20260531/00_READ_FIRST/README_RESEARCH_BATCH_INDEX_V2_20260531.md,967B2DC7F309E9E8BF20441D66A13B0A6A6A468F0BBA63508A95BB2FD378EE2E,SUPPORT_RESEARCH_PACK,YES,HOUSE_WORK/SYSTEM_ALIGNMENT_ROOM/HELPER_LOGIC_RULE_MIRROR_20260531,"use batch pointers for carrier, authority, proof, risk, fixture, architecture",SOURCE_PACK,"Does not authorize active guide edits or helper authority.",POINTER_AND_ADAPT,"Open a named batch only when a front-door or fixture question needs it."
RSH-004,C:/Users/13527/Desktop/123/HELPER_CAPABILITY_SYSTEM_V2_3_HOUSE_HARNESS_PACK_V0_2,HELPER_CAPABILITY_HARNESS_PACK,88,1022441,C:/Users/13527/Desktop/123/HELPER_CAPABILITY_SYSTEM_V2_3_HOUSE_HARNESS_PACK_V0_2/99_RECEIPTS/MANIFEST.md,219FD866440EEC392A7A512FA0D3CEF29AD6002A5B4D3B24832AD2AB6D2889E5,CANDIDATE_SUPPORT_PACK,YES,BRAIN_LEARNING/HELPER_CAPABILITY_SYSTEM_V2_3_CANDIDATE_POINTER_20260531.md,"use through existing claim/capability harness and source-safe pointer",MANIFESTED_SOURCE_PACK,"Pack itself says not tested and not repo-saved; manifest is identity, not approval.",POINTER_ONLY,"Use first fixtures or harness rows before any stronger claim."
RSH-005,C:/Users/13527/Desktop/123/BATCH_04_RISK_THREAT_AND_FAILURE_V3_20260531.md,RISK_BATCH_ROOT_COPY,1,32363,C:/Users/13527/Desktop/123/BATCH_04_RISK_THREAT_AND_FAILURE_V3_20260531.md,4E19B0839FFB1C3EB2038B3E45364A072F88E8A2A711FC499DFFC9A3E5DE4C01,DUPLICATE_VISIBLE_ROOT_COPY,YES,HOUSE_WORK/SYSTEM_ALIGNMENT_ROOM/ROOT_SOURCE_INTAKE_AND_HASH_TUNNEL_20260531,"route to accepted research-pack Batch 04 row and risk fixtures",HASH_IDENTITY,"Hash proves same bytes as known Batch 04 output, not adoption.",ADAPT_POINTER,"Use risk rows in front-door wiring; do not carry duplicate body."
RSH-006,C:/Users/13527/Desktop/123/MULE_HANDOFF_HOUSE_DOCK_CONTROL_ROOM_SEED_BUILD_20260531.md,LOCAL_BUILD_HANDOFF,1,6220,C:/Users/13527/Desktop/123/MULE_HANDOFF_HOUSE_DOCK_CONTROL_ROOM_SEED_BUILD_20260531.md,73253D682A52811E4FAAF3EB4756FAF39EEC3A207D3119C90A1C71E96C200EFA,PARKED_BUILD_SEED,NO,HOUSE_WORK/SYSTEM_ALIGNMENT_ROOM/ROOT_SOURCE_INTAKE_AND_HASH_TUNNEL_20260531,"dock placement note behind front-door wiring",HANDOFF_SOURCE,"Does not authorize building or running dock scripts now.",PARK_WITH_RETURN_TRIGGER,"Return after front-door wiring can issue a legal dry-run packet."
RSH-007,C:/Users/13527/Desktop/123/ORGANIZE_EXISTING_HELPER_CONTEXT_AUTHORITY_PROOF_PACK_20260531_V1_1.ps1,ORGANIZER_TOOL_SUPPORT,4,18057,C:/Users/13527/Desktop/123/ORGANIZE_EXISTING_HELPER_CONTEXT_AUTHORITY_PROOF_PACK_20260531_V1_1.ps1,126E069CC670341DF1765DA5A26E3AF07DEFDBBE92D33E176F1A942CA11D1908,REFERENCE_TOOL,NO,HOUSE_WORK/SYSTEM_ALIGNMENT_ROOM/ROOT_SOURCE_INTAKE_AND_HASH_TUNNEL_20260531,"reference only; dry-run capable but not needed now",TOOL_IDENTITY,"Script hash proves identity, not safe-to-run for future inputs.",REFERENCE,"Return only if research pack needs reorganization or dock tool-card ingestion."
RSH-008,C:/Users/13527/Desktop/123/README.txt,LEGACY_PHASE1_TRIAGE_REPORT_SET,10,3269024,C:/Users/13527/Desktop/123/README.txt,E149BE98B1EDC68C4E3C4028C71650CBEC4231EC421ADD812615B0C362E7F79D,PARKED_LEGACY_TRIAGE,NO,HOUSE_WORK/SYSTEM_ALIGNMENT_ROOM/ROOT_SOURCE_INTAKE_AND_HASH_TUNNEL_20260531,"phase 1 cleanup reports from old New folder review",REPORT_SET,"Does not authorize containment, deletion, dedup, or cleanup.",PARK_WITH_RETURN_TRIGGER,"Return for Phase 2 review of old New folder reports."
RSH-009,C:/Users/13527/Desktop/123/_LOCAL_CUSTODY_AND_RECEIPTS/ASSISTANT_CONTEXT_CARRIER_RUNS_20260531/RUN_20260531_195434/ASSISTANT_CONTEXT_CARRIER.md,HELPER_GENERATED_CARRIER,1,0,C:/Users/13527/Desktop/123/_LOCAL_CUSTODY_AND_RECEIPTS/ASSISTANT_CONTEXT_CARRIER_RUNS_20260531/RUN_20260531_195434/ASSISTANT_CONTEXT_CARRIER.md,8D91E54E2FAD7221E81EB33C89736133B9828247FEB42E62AD5E6AD222F833CF,LOCAL_REPORT_USED,YES,HOUSE_WORK/SYSTEM_ALIGNMENT_ROOM/ASSISTANT_CONTEXT_CARRIER_20260531,"observed root loose files, git clean, active next object",LOCAL_REPORT,"Does not prove future freshness or apply concepts by itself.",USED_AS_OBSERVATION,"Regenerate when root/project state changes."
